sequenceID,-5,-4.5,-4,-3.5,-3,-2.5,-2,-1.5,-1,-0.5,0,0.5,1,1.5,2,2.5,3,3.5,4,4.5,5
1.1,3,3,3,3,3,3,3,3,1,1,1,1,2,2,2,2,2,2,2,2,2
1.11,2,2,2,2,2,2,2,2,1,0,0,0,1,1,1,1,1,1,1,1,1
1.15,2,2,2,2,2,2,2,1,0,0,0,1,1,1,1,1,1,1,1,1,1
1.6,2,2,2,2,2,2,2,2,1,0,0,0,1,1,1,1,1,1,1,1,1
1.9,2,2,2,2,2,2,2,2,2,1,0,0,1,1,1,1,1,1,1,1,1
106.11,3,3,3,3,3,3,3,3,3,2,0,0,0,1,1,1,1,1,1,1,1
106.17,3,3,3,3,3,3,3,2,1,0,0,0,0,1,1,1,1,1,1,1,1
106.5,3,3,3,3,3,3,3,2,2,1,1,1,1,1,1,1,1,1,1,1,1
106.6,3,3,3,3,3,3,3,2,0,0,0,1,1,1,1,1,1,1,1,1,1
106.9,2,2,2,2,2,2,2,1,0,0,0,1,1,1,1,1,1,1,1,1,1
109.2,2,2,2,2,2,2,2,2,2,0,0,1,1,1,1,1,1,1,1,1,1
109.8,2,2,2,2,2,2,2,0,0,0,0,1,1,1,1,1,1,1,1,1,1
11.1,2,2,2,2,2,2,2,2,2,2,0,0,0,1,1,1,1,1,1,1,1
11.4,2,2,2,2,2,2,2,2,2,0,0,1,1,1,1,1,1,1,1,1,1
12.1,3,3,3,3,3,3,3,2,1,0,0,1,2,2,2,2,2,2,2,2,2
12.11,3,3,3,3,3,3,3,3,1,0,0,0,0,1,1,1,1,1,1,1,1
12.17,3,3,3,3,3,3,3,2,2,0,0,0,0,1,1,1,1,1,1,1,1
12.2,3,3,3,3,3,3,3,1,0,0,0,0,1,1,1,1,1,1,1,1,1
12.6,3,3,3,3,3,3,3,1,0,0,0,0,1,1,1,1,1,1,1,1,1
12.X,5,5,5,5,5,5,5,4,1,0,0,2,2,2,2,2,2,2,2,2,2
128.12,3,3,3,3,3,3,2,2,1,0,0,1,1,1,1,1,1,1,1,1,1
128.17,3,3,3,3,3,3,2,2,2,1,0,0,0,1,1,1,1,1,1,1,1
128.2,3,3,3,3,3,3,3,1,0,0,0,1,1,1,1,1,1,1,1,1,1
128.3,3,3,3,3,3,3,3,2,1,0,0,0,1,1,1,1,1,1,1,1,1
128.6,3,3,3,3,3,3,3,1,0,0,0,1,1,1,1,1,1,1,1,1,1
138.1,3,3,3,3,3,3,3,3,3,0,0,0,1,1,1,1,1,1,1,1,1
139.3,3,3,3,3,3,3,3,1,0,0,0,1,1,1,1,1,1,1,1,1,1
139.4,2,2,2,2,2,1,1,0,0,0,1,1,1,1,1,1,1,1,1,1,1
139.7,3,3,3,3,3,3,3,2,1,0,0,0,1,1,1,1,1,1,1,1,1
145.1,2,2,2,2,2,2,2,2,0,0,0,0,1,1,1,1,1,1,1,1,1
145.17,2,2,2,2,2,2,2,2,2,1,0,0,1,1,1,1,1,1,1,1,1
145.19,2,2,2,2,2,2,1,1,0,0,1,1,1,1,1,1,1,1,1,1,1
145.2,2,2,2,2,2,2,2,1,0,0,0,0,1,1,1,1,1,1,1,1,1
145.3,2,2,2,2,2,2,2,1,1,1,0,0,1,1,1,1,1,1,1,1,1
145.4,3,3,3,3,3,3,3,1,0,0,2,2,2,2,2,2,2,2,2,2,2
145.6,3,3,3,3,3,3,3,1,0,0,0,2,2,2,2,2,2,2,2,2,2
145.7,2,2,2,2,2,2,2,0,0,0,0,1,1,1,1,1,1,1,1,1,1
149.1,2,2,2,2,2,2,2,1,1,0,1,1,1,1,1,1,1,1,1,1,1
149.11,2,2,2,2,2,2,2,2,1,0,0,0,1,1,1,1,1,1,1,1,1
149.2,3,3,3,3,3,3,2,2,1,1,1,2,2,2,2,2,2,2,2,2,2
149.6,3,3,3,3,3,3,3,0,0,1,1,1,2,2,2,2,2,2,2,2,2
153.11,2,2,2,2,2,2,2,2,2,1,0,1,1,1,1,1,1,1,1,1,1
153.17,3,3,3,3,3,3,3,3,2,1,0,1,1,1,1,1,1,1,1,1,1
153.18,3,3,3,3,3,3,3,2,0,0,1,1,1,1,1,1,1,1,1,1,1
153.2,3,3,3,3,3,3,3,2,1,1,0,0,1,1,1,1,1,1,1,1,1
153.4,3,3,3,3,3,3,3,2,0,0,0,1,1,1,1,1,1,1,1,1,1
153.7,3,3,3,3,3,3,3,3,1,1,1,1,1,1,1,1,1,1,1,1,1
162.1,2,2,2,2,2,2,2,1,1,0,0,1,1,1,1,1,1,1,1,1,1
162.11,3,3,3,3,3,3,3,2,2,0,0,0,1,1,1,1,1,1,1,1,1
162.17,3,3,3,3,3,3,3,2,1,0,0,0,1,1,1,1,1,1,1,1,1
162.19,2,2,2,2,2,2,2,2,0,0,0,1,1,1,1,1,1,1,1,1,1
162.22,2,2,2,2,2,2,1,1,1,0,1,1,1,1,1,1,1,1,1,1,1
162.3,5,5,5,5,5,5,5,1,1,0,0,1,2,2,2,2,2,2,2,2,2
162.5,3,3,3,3,3,3,3,3,2,0,0,0,1,1,1,1,1,1,1,1,1
162.7,3,3,3,3,3,3,3,2,0,0,0,1,1,1,1,1,1,1,1,1,1
162.8,2,2,2,2,2,2,1,1,1,0,0,1,1,1,1,1,1,1,1,1,1
17.1,3,3,3,3,3,3,3,1,0,0,0,1,1,1,1,1,1,1,1,1,1
17.11,4,4,4,4,4,4,4,1,1,0,1,2,2,2,2,2,2,2,2,2,2
172.1,2,2,2,2,2,2,2,2,2,0,0,1,1,1,1,1,1,1,1,1,1
172.17,3,3,3,3,3,3,3,2,0,0,0,1,1,1,1,1,1,1,1,1,1
172.3,3,3,3,3,3,3,3,0,0,0,0,1,1,1,1,1,1,1,1,1,1
172.4,3,3,3,3,3,3,3,1,0,0,1,1,1,1,1,1,1,1,1,1,1
173.11,3,3,3,3,3,3,3,1,1,0,0,1,1,1,1,1,1,1,1,1,1
173.15,2,2,2,2,2,2,2,1,0,0,0,1,1,1,1,1,1,1,1,1,1
173.16,3,3,3,3,3,3,3,1,0,0,0,1,1,1,1,1,1,1,1,1,1
173.19,2,2,2,2,2,2,2,2,2,1,1,1,1,1,1,1,1,1,1,1,1
173.4,2,2,2,2,2,2,2,1,0,0,0,1,1,1,1,1,1,1,1,1,1
173.8,3,3,3,3,3,3,2,2,1,0,0,1,1,1,1,1,1,1,1,1,1
188.1,3,3,3,3,3,3,3,3,1,0,0,0,0,1,1,1,1,1,1,1,1
188.2,2,2,2,2,2,2,2,1,1,0,0,0,1,1,1,1,1,1,1,1,1
188.3,3,3,3,3,3,3,3,3,2,1,0,0,0,1,1,1,1,1,1,1,1
188.6,2,2,2,2,2,2,2,1,0,0,0,0,1,1,1,1,1,1,1,1,1
188.9,2,2,2,2,2,2,2,2,0,0,0,0,1,1,1,1,1,1,1,1,1
189.1,2,2,2,2,2,2,2,2,2,1,0,0,1,1,1,1,1,1,1,1,1
189.11,3,3,3,3,3,3,3,3,1,0,0,0,0,1,1,1,1,1,1,1,1
189.15,3,3,3,3,3,3,3,3,1,0,0,1,1,1,1,1,1,1,1,1,1
189.17,3,3,3,3,3,3,3,3,2,0,0,0,0,1,1,1,1,1,1,1,1
189.18,3,3,3,3,3,3,3,1,0,0,2,2,2,2,2,2,2,2,2,2,2
189.2,2,2,2,2,2,2,2,1,0,0,1,1,1,1,1,1,1,1,1,1,1
189.20,2,2,2,2,2,2,2,2,1,1,0,1,1,1,1,1,1,1,1,1,1
189.3,2,2,2,2,2,2,2,2,0,0,0,0,1,1,1,1,1,1,1,1,1
189.5,3,3,3,3,3,3,3,2,0,0,0,0,1,1,1,1,1,1,1,1,1
189.X,2,2,2,2,2,2,2,2,1,0,0,1,1,1,1,1,1,1,1,1,1
2.1,3,3,3,3,3,3,3,3,1,0,0,0,0,0,1,1,1,1,1,1,1
2.19,2,2,2,2,2,2,2,1,0,0,0,1,1,1,1,1,1,1,1,1,1
20003.2,4,4,4,4,4,4,4,4,4,4,4,2,0,0,0,2,2,2,2,2,2
20005.2,8,8,8,8,8,8,8,8,8,8,6,2,2,2,2,4,6,6,6,6,6
20005.3,6,6,6,6,6,6,6,6,5,2,1,1,2,2,3,4,5,5,5,5,5
20033.11,4,4,4,4,4,4,4,4,4,2,1,1,0,2,2,2,3,3,3,3,3
20052.3,3,3,3,3,3,3,3,3,3,1,1,1,3,2,2,2,2,2,2,2,2
20082.22,4,4,4,4,4,4,4,4,4,4,3,1,0,2,2,2,3,3,3,3,3
20090.20,3,3,3,3,3,3,3,3,3,3,2,2,0,0,2,2,2,2,2,2,2
20092.19,2,2,2,2,2,2,2,2,2,2,2,2,1,0,0,0,1,1,1,1,1
20105.22,3,3,3,3,3,3,3,3,3,3,2,3,2,2,2,2,2,2,2,2,2
20108.20,4,4,4,4,4,4,4,4,4,4,4,4,1,1,3,2,2,2,2,2,2
20109.20,3,3,3,3,3,3,3,3,3,3,2,1,0,0,2,2,2,2,2,2,2
20118.2,9,9,9,9,9,9,9,8,8,4,4,2,1,2,2,4,6,6,6,6,6
20119.2,4,4,4,4,4,4,4,4,4,4,2,0,0,0,1,1,3,3,3,3,3
20121.14,4,4,4,4,4,4,4,4,4,3,1,1,3,2,2,2,3,3,3,3,3
20121.7,4,4,4,4,4,4,4,4,2,2,1,2,2,2,3,3,3,3,3,3,3
20124.1,2,2,2,2,2,2,2,2,2,2,2,2,1,0,0,0,1,1,1,1,1
20124.16,2,2,2,2,2,2,2,2,2,2,2,2,2,0,0,1,1,1,1,1,1
20124.2,2,2,2,2,2,2,2,2,2,2,2,2,0,0,0,0,1,1,1,1,1
20124.3,3,3,3,3,3,3,3,3,3,3,3,2,0,0,0,0,0,1,1,1,1
20129.20,3,3,3,3,3,3,3,3,3,3,2,0,0,2,2,2,2,2,2,2,2
20133.X,6,6,6,6,6,6,6,6,4,1,1,1,2,5,5,5,5,5,5,5,5
20134.X,6,6,6,6,6,6,6,6,5,1,1,1,3,3,4,4,5,5,5,5,5
20135.14,5,5,5,5,5,5,5,5,4,4,2,0,2,2,2,2,2,2,2,2,2
20136.17,3,3,3,3,3,3,3,3,3,2,1,3,2,2,2,2,2,2,2,2,2
20138.1,4,4,4,4,4,4,4,2,2,2,2,4,4,3,2,2,2,2,2,2,2
20139.12,3,3,3,3,3,3,3,3,3,3,3,3,2,2,2,2,2,2,2,2,2
20139.16,5,5,5,5,5,5,5,5,5,3,3,5,4,4,4,4,4,4,4,4,4
20139.17,4,4,4,4,4,4,4,4,4,4,3,1,0,0,2,3,3,3,3,3,3
20139.3,2,2,2,2,2,2,2,2,2,2,1,1,0,0,0,0,1,1,1,1,1
20139.4,3,3,3,3,3,3,3,2,1,1,1,3,2,2,2,2,2,2,2,2,2
20139.5,3,3,3,3,3,3,3,3,2,1,1,3,2,2,2,2,2,2,2,2,2
20140.14,3,3,3,3,3,3,3,3,2,1,1,1,2,2,2,2,2,2,2,2,2
20140.15,3,3,3,3,3,3,3,3,2,1,3,2,2,2,2,2,2,2,2,2,2
20141.12,3,3,3,3,3,3,3,3,2,1,3,2,2,2,2,2,2,2,2,2,2
20141.14,3,3,3,3,3,3,3,3,3,2,1,1,2,2,2,2,2,2,2,2,2
20141.5,3,3,3,3,3,2,2,2,2,1,1,2,2,2,2,2,2,2,2,2,2
20142.18,2,2,2,2,2,2,2,2,2,2,2,1,1,1,1,1,1,1,1,1,1
20142.22,7,7,7,7,7,7,7,6,4,2,1,6,6,6,6,6,6,6,6,6,6
20143.X,5,5,5,5,5,5,5,5,5,5,3,1,1,3,4,4,4,4,4,4,4
20144.14,5,5,5,5,5,5,5,4,3,2,3,2,4,4,4,4,4,4,4,4,4
20144.9,3,3,3,3,3,3,3,2,2,1,1,3,2,2,2,2,2,2,2,2,2
20145.1,3,3,3,3,3,3,3,3,3,2,3,2,2,2,2,2,2,2,2,2,2
20145.10,3,3,3,3,3,3,3,3,1,1,0,2,2,2,2,2,2,2,2,2,2
20145.12,3,3,3,3,3,3,3,3,2,1,3,2,2,2,2,2,2,2,2,2,2
20145.14,3,3,3,3,3,3,3,3,3,2,1,0,2,2,2,2,2,2,2,2,2
20145.4,4,4,4,4,4,4,4,4,4,3,2,2,2,2,2,2,2,2,2,2,2
20145.8,3,3,3,3,3,3,3,3,2,1,3,2,2,2,2,2,2,2,2,2,2
20145.9,5,5,5,5,5,5,5,5,5,4,2,0,0,0,3,3,4,4,4,4,4
20145.X,6,6,6,6,6,6,6,6,3,3,1,1,2,5,5,5,5,5,5,5,5
20146.17,2,2,2,2,2,2,2,2,2,1,1,0,0,0,0,0,1,1,1,1,1
20146.4,3,3,3,3,3,3,3,3,2,0,0,2,2,2,2,2,2,2,2,2,2
20148.1,6,6,6,6,6,6,6,6,5,2,2,3,4,4,4,4,5,5,5,5,5
20151.14,5,5,5,5,5,5,4,4,2,2,1,2,4,4,4,4,4,4,4,4,4
20151.17,2,2,2,2,2,2,2,2,2,2,2,1,0,0,0,1,1,1,1,1,1
20154.4,5,5,5,5,5,5,5,5,5,3,2,4,2,2,2,4,4,4,4,4,4
20154.9,3,3,3,3,3,3,3,3,3,3,2,1,1,0,2,2,2,2,2,2,2
20157.11,5,5,5,5,5,5,5,5,5,4,3,1,0,2,2,4,4,4,4,4,4
20158.1,4,4,4,3,3,3,3,3,2,1,1,3,2,2,2,2,2,2,2,2,2
20158.9,6,6,6,6,6,6,5,4,4,1,1,4,4,4,4,4,4,4,4,4,4
20159.1,11,11,11,11,11,11,11,11,9,5,2,2,6,6,6,8,8,8,8,8,8
20159.14,3,3,3,3,3,3,3,3,3,2,1,0,2,2,2,2,2,2,2,2,2
20159.15,3,3,3,3,3,3,3,3,3,2,1,1,0,0,2,2,2,2,2,2,2
20159.3,5,5,5,5,5,5,5,5,3,3,2,0,2,2,2,2,2,2,2,2,2
20159.4,9,9,9,9,9,9,9,8,6,5,3,2,4,6,6,6,6,6,6,6,6
20159.9,4,4,4,4,4,4,4,4,4,2,2,3,3,2,2,2,3,3,3,3,3
20160.14,3,3,3,3,3,3,3,3,3,1,1,1,2,2,2,2,2,2,2,2,2
20160.17,3,3,3,3,3,3,3,3,3,3,3,2,0,0,0,1,1,1,1,1,1
20160.4,3,3,3,3,3,3,3,3,3,3,2,1,2,2,2,2,2,2,2,2,2
20160.5,4,4,4,4,4,4,4,4,4,3,4,3,3,3,3,3,3,3,3,3,3
20161.1,3,3,3,3,3,3,3,3,2,2,1,2,1,1,2,2,2,2,2,2,2
20161.12,3,3,3,3,3,3,3,3,3,1,3,2,2,2,2,2,2,2,2,2,2
20161.22,3,3,3,3,3,3,3,3,3,2,3,2,2,2,2,2,2,2,2,2,2
20162.12,3,3,3,3,3,3,3,3,3,1,3,3,2,2,2,2,2,2,2,2,2
20162.17,2,2,2,2,2,2,2,2,2,2,2,1,0,0,0,1,1,1,1,1,1
20162.7,5,5,5,5,5,5,5,5,3,2,2,1,2,2,4,4,4,4,4,4,4
20163.1,3,3,3,3,3,2,2,2,2,1,1,3,2,2,2,2,2,2,2,2,2
20163.7,5,5,5,5,5,5,5,5,3,1,3,4,4,4,4,4,4,4,4,4,4
20163.9,9,9,9,9,9,9,9,8,5,1,3,8,8,8,8,8,8,8,8,8,8
20164.1,7,7,7,7,7,7,7,5,4,3,3,7,7,6,6,6,6,6,6,6,6
20164.14,3,3,3,3,3,3,3,3,3,1,1,0,2,2,2,2,2,2,2,2,2
20164.4,4,4,4,4,4,4,4,4,3,3,4,2,2,2,2,2,2,2,2,2,2
20165.15,3,3,3,3,3,3,3,3,3,3,1,0,0,0,0,1,1,1,1,1,1
20165.22,5,5,5,5,5,5,5,5,5,3,2,2,2,2,3,3,3,3,3,3,3
20165.4,3,3,3,3,3,3,3,2,1,1,2,2,2,2,2,2,2,2,2,2,2
20166.12,3,3,3,3,3,3,3,3,3,1,3,2,2,2,2,2,2,2,2,2,2
20166.17,3,3,3,3,3,3,3,3,3,3,2,0,0,0,2,2,2,2,2,2,2
20166.4,5,5,5,5,5,5,5,5,5,4,1,2,4,4,4,4,4,4,4,4,4
20167.22,7,7,7,7,7,7,7,7,6,2,1,6,6,6,6,6,6,6,6,6,6
20167.4,5,5,5,5,5,5,5,4,3,3,3,4,4,4,4,4,4,4,4,4,4
20168.11,5,5,5,5,5,5,5,4,1,1,2,4,4,4,4,4,4,4,4,4,4
20168.16,3,3,3,3,3,3,3,3,1,1,3,2,2,2,2,2,2,2,2,2,2
20168.17,4,4,4,4,4,4,4,4,4,3,2,3,2,2,2,2,3,3,3,3,3
20168.19,4,4,4,4,4,4,3,3,3,2,3,3,2,2,2,2,2,2,2,2,2
20168.4,4,4,4,4,4,4,4,4,4,3,2,4,2,2,2,2,2,2,2,2,2
20169.10,3,3,3,3,3,3,3,3,2,1,2,2,2,2,2,2,2,2,2,2,2
20169.14,4,4,4,4,4,4,4,4,4,3,1,1,2,3,3,3,3,3,3,3,3
20169.9,3,3,3,3,3,3,3,3,3,3,2,1,0,0,0,1,1,1,1,1,1
20170.17,4,4,4,4,4,4,4,4,4,3,2,2,2,2,2,2,2,2,2,2,2
20171.12,3,3,3,3,3,3,3,3,2,1,1,2,2,2,2,2,2,2,2,2,2
20171.16,8,8,8,8,8,8,8,7,7,4,2,4,4,4,4,4,4,4,4,4,4
20171.17,3,3,3,3,3,3,3,3,3,2,0,2,2,2,2,2,2,2,2,2,2
20172.20,12,12,12,12,12,12,12,12,12,7,3,4,8,9,10,10,10,10,10,10,10
20172.3,8,8,8,8,8,8,8,8,8,4,3,1,2,3,5,6,7,7,7,7,7
20173.19,3,3,3,3,3,3,3,3,1,1,0,2,2,2,2,2,2,2,2,2,2
20177.20,3,3,3,3,3,3,3,3,3,3,2,0,0,2,2,2,2,2,2,2,2
20178.20,3,3,3,3,3,3,3,3,3,3,3,2,0,0,2,2,2,2,2,2,2
20183.20,3,3,3,3,3,3,3,3,3,3,2,1,1,3,2,2,2,2,2,2,2
20184.22,3,3,3,3,3,3,3,3,3,3,3,0,0,2,2,2,2,2,2,2,2
20186.22,3,3,3,3,3,3,3,3,3,3,3,0,0,2,2,2,2,2,2,2,2
204.2,2,2,2,2,2,2,2,1,0,0,0,1,1,1,1,1,1,1,1,1,1
207.10,6,6,6,6,6,6,6,3,0,0,0,0,3,3,3,3,3,3,3,3,3
207.12,3,3,3,3,3,3,2,1,0,0,0,0,1,1,1,1,1,1,1,1,1
207.15,3,3,3,3,3,3,3,1,0,0,0,1,1,1,1,1,1,1,1,1,1
207.17,3,3,3,3,3,3,3,3,0,0,0,0,1,1,1,1,1,1,1,1,1
207.18,2,2,2,2,2,2,2,1,0,0,0,0,1,1,1,1,1,1,1,1,1
207.4,3,3,3,3,3,3,3,0,0,0,0,0,1,1,1,1,1,1,1,1,1
207.5,4,4,4,4,4,4,4,3,1,0,0,0,2,2,2,2,2,2,2,2,2
217.17,2,2,2,2,2,2,2,1,0,0,1,1,1,1,1,1,1,1,1,1,1
219.2,2,2,2,2,2,2,2,2,0,0,1,1,1,1,1,1,1,1,1,1,1
219.5,2,2,2,2,2,2,2,2,0,1,1,1,1,1,1,1,1,1,1,1,1
220.11,3,3,3,3,3,3,3,2,1,0,0,0,1,1,1,1,1,1,1,1,1
220.17,3,3,3,3,3,3,3,2,1,1,0,0,1,1,1,1,1,1,1,1,1
220.19,2,2,2,2,2,2,2,1,0,0,1,1,1,1,1,1,1,1,1,1,1
220.2,3,3,3,3,3,3,3,3,1,0,0,1,1,1,1,1,1,1,1,1,1
220.20,3,3,3,3,3,3,3,1,0,0,0,1,1,1,1,1,1,1,1,1,1
220.7,3,3,3,3,3,3,3,1,1,0,1,1,1,1,1,1,1,1,1,1,1
226.1,3,3,3,3,3,3,3,2,2,0,0,0,1,1,1,1,1,1,1,1,1
227.1,3,3,3,3,3,3,3,1,0,0,0,0,1,1,1,1,1,1,1,1,1
227.2,3,3,3,3,3,2,2,0,0,0,1,1,1,1,1,1,1,1,1,1,1
227.4,3,3,3,3,3,3,2,1,0,0,0,1,1,1,1,1,1,1,1,1,1
247.1,4,4,4,4,4,4,4,2,0,0,0,2,3,3,3,3,3,3,3,3,3
247.11,3,3,3,3,3,3,3,3,1,1,0,0,0,1,1,1,1,1,1,1,1
247.20,2,2,2,2,2,2,2,1,0,0,0,1,1,1,1,1,1,1,1,1,1
247.4,2,2,2,2,2,2,1,1,1,0,0,0,1,1,1,1,1,1,1,1,1
247.X,3,3,3,3,3,3,2,2,1,0,0,2,2,2,2,2,2,2,2,2,2
257.1,3,3,3,3,3,3,3,3,3,1,0,0,0,1,1,1,1,1,1,1,1
257.10,2,2,2,2,2,2,2,1,0,0,0,0,1,1,1,1,1,1,1,1,1
257.17,3,3,3,3,3,3,3,3,2,1,0,0,1,1,1,1,1,1,1,1,1
26.11,3,3,3,3,3,3,3,3,1,0,0,1,1,1,1,1,1,1,1,1,1
26.17,2,2,2,2,2,2,2,2,1,1,0,0,1,1,1,1,1,1,1,1,1
26.4,3,3,3,3,3,3,3,2,0,0,2,2,2,2,2,2,2,2,2,2,2
26.8,3,3,3,3,3,3,3,0,0,0,0,1,1,1,1,1,1,1,1,1,1
268.3,2,2,2,2,2,2,2,2,1,0,0,0,1,1,1,1,1,1,1,1,1
270.11,2,2,2,2,2,2,2,2,2,2,2,1,0,1,1,1,1,1,1,1,1
273.17,3,3,3,3,3,3,3,2,1,0,0,0,1,1,1,1,1,1,1,1,1
273.6,3,3,3,3,3,3,3,2,1,0,0,0,2,2,2,2,2,2,2,2,2
275.1,3,3,3,3,3,3,3,2,2,0,0,0,0,0,1,1,1,1,1,1,1
275.2,3,3,3,3,3,3,3,3,1,0,0,1,2,2,2,2,2,2,2,2,2
294.1,3,3,3,3,3,3,3,3,2,1,0,0,1,1,1,1,1,1,1,1,1
30001.3,7,7,7,7,7,7,7,7,7,5,3,2,2,4,4,4,4,4,4,4,4
30001.8,2,2,2,2,2,2,2,2,2,2,2,0,0,0,1,1,1,1,1,1,1
30011.11,5,5,5,5,5,5,5,5,5,5,5,4,4,1,0,2,2,2,2,2,2
30011.13,2,2,2,2,2,2,2,2,2,1,1,1,2,1,1,1,1,1,1,1,1
30011.15,2,2,2,2,2,2,2,2,2,1,1,1,2,1,1,1,1,1,1,1,1
30011.2,3,3,3,3,3,3,3,3,3,3,2,2,1,0,0,0,1,1,1,1,1
30011.22,5,5,5,5,5,5,5,5,5,5,3,1,0,1,3,3,3,3,3,3,3
30011.7,5,5,5,5,5,5,5,5,5,4,3,2,2,3,3,2,2,2,2,2,2
30011.8,3,3,3,3,3,3,3,3,3,3,2,1,1,1,1,1,1,1,1,1,1
30016.6,7,7,7,7,7,7,7,6,7,5,5,4,4,3,4,4,5,5,6,6,6
30020.4,5,5,5,5,5,5,5,5,5,5,5,3,3,2,1,2,2,2,2,2,2
30022.12,2,2,2,2,2,2,2,2,1,1,1,1,0,0,0,1,1,1,1,1,1
30022.17,2,2,2,2,2,2,2,2,2,2,2,1,0,0,0,1,1,1,1,1,1
30022.9,5,5,5,5,5,5,5,5,4,4,1,1,0,2,3,3,3,3,3,3,3
30023.17,3,3,3,3,3,3,3,3,3,3,1,1,0,2,2,2,2,2,2,2,2
30023.9,3,3,3,3,3,3,3,3,3,2,2,1,2,2,2,2,2,2,2,2,2
30024.17,2,2,2,2,2,2,2,2,2,2,1,1,0,0,0,1,1,1,1,1,1
30024.4,3,3,3,3,3,3,3,3,3,2,1,1,0,2,2,2,2,2,2,2,2
30024.6,3,3,3,3,3,3,3,3,3,3,1,1,1,0,2,2,2,2,2,2,2
311.1,2,2,2,2,2,2,2,2,2,0,0,0,0,1,1,1,1,1,1,1,1
311.11,2,2,2,2,2,2,2,2,2,0,0,0,1,1,1,1,1,1,1,1,1
311.15,3,3,3,3,3,3,3,2,2,1,0,0,1,1,1,1,1,1,1,1,1
311.16,3,3,3,3,3,3,3,2,1,0,0,0,1,1,1,1,1,1,1,1,1
311.20,2,2,2,2,2,2,2,1,0,0,1,1,1,1,1,1,1,1,1,1,1
311.7,3,3,3,3,3,3,3,3,3,0,0,0,0,1,1,1,1,1,1,1,1
314.1,3,3,3,3,3,3,3,3,3,1,1,0,0,0,1,1,1,1,1,1,1
314.5,2,2,2,2,2,2,2,2,2,1,0,0,1,1,1,1,1,1,1,1,1
314.8,2,2,2,2,2,2,2,2,0,0,0,1,1,1,1,1,1,1,1,1,1
316.1,2,2,2,2,2,2,2,1,0,0,0,1,1,1,1,1,1,1,1,1,1
316.10,2,2,2,2,2,2,1,0,0,0,0,1,1,1,1,1,1,1,1,1,1
316.12,2,2,2,2,2,2,2,1,0,0,0,0,1,1,1,1,1,1,1,1,1
316.15,3,3,3,3,3,3,2,1,0,0,0,1,1,1,1,1,1,1,1,1,1
316.20,2,2,2,2,2,2,1,1,0,0,0,1,1,1,1,1,1,1,1,1,1
316.7,3,3,3,3,3,3,2,1,1,0,0,0,1,1,1,1,1,1,1,1,1
329.11,2,2,2,2,2,2,2,2,0,0,0,1,1,1,1,1,1,1,1,1,1
329.17,3,3,3,3,3,3,3,3,2,2,1,0,0,1,1,1,1,1,1,1,1
329.18,2,2,2,2,2,2,2,2,0,0,0,1,1,1,1,1,1,1,1,1,1
329.4,4,4,4,4,4,4,3,2,1,0,0,2,2,2,2,2,2,2,2,2,2
329.6,2,2,2,2,2,2,2,2,1,0,0,1,1,1,1,1,1,1,1,1,1
329.8,2,2,2,2,2,2,2,2,0,0,0,1,1,1,1,1,1,1,1,1,1
33.1,2,2,2,2,2,2,2,1,1,1,0,1,1,1,1,1,1,1,1,1,1
33.3,3,3,3,3,3,3,3,3,0,0,0,0,1,2,2,2,2,2,2,2,2
33.6,2,2,2,2,2,2,2,0,0,0,0,1,1,1,1,1,1,1,1,1,1
33.7,2,2,2,2,2,2,2,1,1,0,1,1,1,1,1,1,1,1,1,1,1
330.1,3,3,3,3,3,3,3,3,2,0,0,0,0,1,1,1,1,1,1,1,1
330.16,2,2,2,2,2,2,2,2,1,0,0,1,1,1,1,1,1,1,1,1,1
330.17,3,3,3,3,3,3,2,2,0,0,0,0,1,1,1,1,1,1,1,1,1
331.1,2,2,2,2,2,2,2,2,2,1,0,0,0,1,1,1,1,1,1,1,1
331.11,5,5,5,5,5,5,5,5,4,1,0,1,1,2,2,2,2,2,2,2,2
331.12,3,3,3,3,3,3,3,3,2,1,0,0,1,1,1,1,1,1,1,1,1
331.16,2,2,2,2,2,2,2,2,2,0,0,0,1,1,1,1,1,1,1,1,1
331.17,5,5,5,5,5,5,5,4,3,0,1,2,3,3,3,3,3,3,3,3,3
331.2,2,2,2,2,2,2,2,2,2,0,0,0,1,1,1,1,1,1,1,1,1
331.20,2,2,2,2,2,2,2,1,1,0,0,1,1,1,1,1,1,1,1,1,1
331.4,6,6,6,6,6,6,6,6,3,1,0,1,3,3,3,3,3,3,3,3,3
331.5,2,2,2,2,2,2,2,2,2,0,0,0,1,1,1,1,1,1,1,1,1
331.6,4,4,4,4,4,4,4,4,3,0,0,2,2,2,2,2,2,2,2,2,2
332.1,2,2,2,2,2,2,2,2,2,2,0,0,0,1,1,1,1,1,1,1,1
332.18,2,2,2,2,2,2,2,2,2,0,1,1,1,1,1,1,1,1,1,1,1
332.6,3,3,3,3,3,3,3,3,3,2,0,1,1,1,1,1,1,1,1,1,1
332.7,3,3,3,3,3,3,3,3,3,1,0,1,1,1,1,1,1,1,1,1,1
340.1,2,2,2,2,2,2,2,2,2,1,1,0,1,1,1,1,1,1,1,1,1
340.6,3,3,3,3,3,3,3,3,3,0,0,1,1,1,1,1,1,1,1,1,1
340.9,2,2,2,2,2,2,2,2,2,1,1,1,1,1,1,1,1,1,1,1,1
341.1,3,3,3,3,3,3,3,3,3,2,1,0,0,1,1,1,1,1,1,1,1
349.1,2,2,2,2,2,2,2,2,1,0,0,0,1,1,1,1,1,1,1,1,1
349.17,2,2,2,2,2,2,2,2,1,0,0,1,1,1,1,1,1,1,1,1,1
349.2,2,2,2,2,2,2,2,2,0,0,0,1,1,1,1,1,1,1,1,1,1
352.17,3,3,3,3,3,3,3,2,1,1,0,0,1,1,1,1,1,1,1,1,1
352.3,3,3,3,3,3,3,3,3,2,0,0,0,1,1,1,1,1,1,1,1,1
360.1,2,2,2,2,2,2,2,2,2,1,0,0,0,1,1,1,1,1,1,1,1
364.2,3,3,3,3,3,3,2,0,0,0,0,1,1,1,1,1,1,1,1,1,1
371.10,2,2,2,2,2,2,2,2,1,0,1,1,1,1,1,1,1,1,1,1,1
371.14,2,2,2,2,2,2,2,2,0,0,1,1,1,1,1,1,1,1,1,1,1
371.17,3,3,3,3,3,3,3,3,3,0,0,1,1,1,1,1,1,1,1,1,1
373.14,2,2,2,2,2,2,2,1,0,0,1,1,1,1,1,1,1,1,1,1,1
375.1,2,2,2,2,2,2,2,2,2,1,1,0,0,1,1,1,1,1,1,1,1
375.12,2,2,2,2,2,2,2,2,2,0,1,1,1,1,1,1,1,1,1,1,1
375.3,3,3,3,3,3,3,3,3,3,0,0,0,1,1,1,1,1,1,1,1,1
375.4,2,2,2,2,2,2,2,2,1,0,0,0,1,1,1,1,1,1,1,1,1
375.7,3,3,3,3,3,3,3,3,1,0,0,0,1,1,1,1,1,1,1,1,1
378.1,5,5,5,5,5,5,5,5,3,1,0,0,0,2,2,2,2,2,2,2,2
378.10,2,2,2,2,2,2,2,2,1,1,0,0,1,1,1,1,1,1,1,1,1
378.11,3,3,3,3,3,3,3,3,3,1,0,0,0,1,1,1,1,1,1,1,1
378.7,3,3,3,3,3,3,3,3,2,1,0,0,0,1,1,1,1,1,1,1,1
39.1,2,2,2,2,2,2,2,2,2,1,0,0,1,1,1,1,1,1,1,1,1
39.11,4,4,4,4,4,4,4,4,3,0,0,1,2,2,2,2,2,2,2,2,2
39.20,2,2,2,2,2,2,2,2,1,0,0,1,1,1,1,1,1,1,1,1,1
39.8,4,4,4,4,4,4,4,2,0,0,1,2,2,2,2,2,2,2,2,2,2
419.11,3,3,3,3,3,3,3,2,2,0,0,0,1,1,1,1,1,1,1,1,1
421.5,3,3,3,3,3,3,3,3,0,0,0,1,1,1,1,1,1,1,1,1,1
429.11,2,2,2,2,2,2,2,1,0,0,0,1,1,1,1,1,1,1,1,1,1
429.17,2,2,2,2,2,2,2,2,2,1,0,0,1,1,1,1,1,1,1,1,1
429.5,3,3,3,3,3,3,2,2,0,0,0,1,1,1,1,1,1,1,1,1,1
44.17,2,2,2,2,2,2,2,2,1,0,0,0,0,1,1,1,1,1,1,1,1
44.19,2,2,2,2,2,2,2,1,0,0,0,1,1,1,1,1,1,1,1,1,1
44.3,4,4,4,4,4,4,4,3,0,0,0,0,2,2,2,2,2,2,2,2,2
44.5,3,3,3,3,3,3,3,3,3,1,0,0,0,1,1,1,1,1,1,1,1
44.7,3,3,3,3,3,3,3,2,0,0,0,0,1,1,1,1,1,1,1,1,1
441.11,3,3,3,3,3,3,3,1,0,0,1,1,1,1,1,1,1,1,1,1,1
446.1,4,4,4,4,4,4,4,4,2,0,0,2,3,3,3,3,3,3,3,3,3
446.10,2,2,2,2,2,2,2,2,0,0,0,1,1,1,1,1,1,1,1,1,1
446.11,2,2,2,2,2,2,2,2,0,0,0,0,1,1,1,1,1,1,1,1,1
446.17,3,3,3,3,3,3,3,2,1,0,0,1,1,1,1,1,1,1,1,1,1
446.2,2,2,2,2,2,2,2,1,1,0,0,0,1,1,1,1,1,1,1,1,1
446.3,2,2,2,2,2,2,2,2,0,0,0,1,1,1,1,1,1,1,1,1,1
446.8,2,2,2,2,2,2,2,2,0,0,0,1,1,1,1,1,1,1,1,1,1
464.2,3,3,3,3,3,3,3,1,1,0,0,1,1,1,1,1,1,1,1,1,1
470.1,2,2,2,2,2,2,2,2,2,1,0,1,1,1,1,1,1,1,1,1,1
470.17,2,2,2,2,2,2,2,2,1,0,0,1,1,1,1,1,1,1,1,1,1
479.11,3,3,3,3,3,3,3,2,0,0,1,2,2,2,2,2,2,2,2,2,2
479.17,3,3,3,3,3,3,3,2,0,0,0,1,1,1,1,1,1,1,1,1,1
482.5,3,3,3,3,3,3,3,2,0,0,0,1,1,1,1,1,1,1,1,1,1
482.8,3,3,3,3,3,3,3,1,0,2,2,2,2,2,2,2,2,2,2,2,2
487.11,3,3,3,3,3,3,3,2,1,0,0,0,1,1,1,1,1,1,1,1,1
487.17,3,3,3,3,3,3,3,3,2,1,0,0,1,1,1,1,1,1,1,1,1
487.4,2,2,2,2,2,2,2,1,0,0,0,1,1,1,1,1,1,1,1,1,1
487.6,3,3,3,3,3,3,3,2,0,0,0,1,1,1,1,1,1,1,1,1,1
50.13,2,2,2,2,2,2,2,1,0,0,0,1,1,1,1,1,1,1,1,1,1
50.14,2,2,2,2,2,2,2,2,0,0,1,1,1,1,1,1,1,1,1,1,1
50.2,2,2,2,2,2,2,2,0,0,0,0,0,1,1,1,1,1,1,1,1,1
50.6,3,3,3,3,3,3,3,2,0,1,2,2,2,2,2,2,2,2,2,2,2
508.1,2,2,2,2,2,2,2,2,2,2,2,2,2,1,1,1,1,1,1,1,1
508.2,2,2,2,2,2,2,2,2,2,2,1,1,1,1,1,1,1,1,1,1,1
513.7,3,3,3,3,3,3,3,2,0,0,0,1,1,1,1,1,1,1,1,1,1
516.1,3,3,3,3,3,3,3,3,2,1,0,1,1,1,1,1,1,1,1,1,1
516.2,3,3,3,3,3,3,3,0,0,0,0,1,1,1,1,1,1,1,1,1,1
522.1,2,2,2,2,2,2,2,2,2,1,0,1,1,1,1,1,1,1,1,1,1
522.11,3,3,3,3,3,3,3,2,2,0,0,0,1,1,1,1,1,1,1,1,1
522.17,3,3,3,3,3,3,3,2,2,1,0,0,1,1,1,1,1,1,1,1,1
522.21,2,2,2,2,2,1,1,1,0,0,1,1,1,1,1,1,1,1,1,1,1
522.3,3,3,3,3,3,3,3,3,0,0,0,0,1,1,1,1,1,1,1,1,1
522.4,3,3,3,3,3,3,3,1,0,0,0,1,1,1,1,1,1,1,1,1,1
544.17,3,3,3,3,3,3,3,2,1,0,0,1,1,1,1,1,1,1,1,1,1
544.2,5,5,5,5,5,5,5,2,0,0,1,2,2,2,2,2,2,2,2,2,2
545.17,2,2,2,2,2,2,2,2,2,0,0,0,1,1,1,1,1,1,1,1,1
57.1,3,3,3,3,3,3,3,3,3,1,0,2,2,2,2,2,2,2,2,2,2
57.12,2,2,2,2,2,2,2,2,2,1,0,0,0,1,1,1,1,1,1,1,1
57.13,2,2,2,2,2,2,2,1,0,0,0,0,1,1,1,1,1,1,1,1,1
57.14,2,2,2,2,2,2,2,2,2,0,0,0,1,1,1,1,1,1,1,1,1
57.16,3,3,3,3,3,3,3,1,1,0,0,0,1,1,1,1,1,1,1,1,1
57.17,2,2,2,2,2,2,2,2,1,1,0,0,1,1,1,1,1,1,1,1,1
57.5,2,2,2,2,2,2,2,2,2,1,0,0,1,1,1,1,1,1,1,1,1
57.7,2,2,2,2,2,2,2,2,2,0,0,1,1,1,1,1,1,1,1,1,1
57.8,2,2,2,2,2,2,2,2,1,1,0,0,1,1,1,1,1,1,1,1,1
586.1,2,2,2,2,2,2,2,1,1,0,0,1,1,1,1,1,1,1,1,1,1
587.1,3,3,3,3,3,3,3,3,3,0,0,1,1,1,1,1,1,1,1,1,1
587.17,3,3,3,3,3,3,3,2,2,0,1,1,1,1,1,1,1,1,1,1,1
591.1,2,2,2,2,2,2,2,2,2,2,1,1,1,1,1,1,1,1,1,1,1
592.1,2,2,2,2,2,2,2,1,1,0,0,0,1,1,1,1,1,1,1,1,1
592.2,2,2,2,2,2,2,2,1,0,0,0,0,1,1,1,1,1,1,1,1,1
592.3,2,2,2,2,2,2,2,2,1,0,0,0,1,1,1,1,1,1,1,1,1
593.11,3,3,3,3,3,3,3,3,3,3,3,2,0,0,0,0,1,1,1,1,1
66.1,3,3,3,3,3,3,3,3,2,0,2,2,2,2,2,2,2,2,2,2,2
66.17,3,3,3,3,3,3,2,2,1,0,0,0,1,1,1,1,1,1,1,1,1
66.21,2,2,2,2,2,2,2,2,1,0,0,1,1,1,1,1,1,1,1,1,1
66.5,3,3,3,3,3,3,3,1,0,0,0,1,1,1,1,1,1,1,1,1,1
67.19,3,3,3,3,3,3,3,1,0,0,1,2,2,2,2,2,2,2,2,2,2
79.5,3,3,3,3,3,3,3,2,1,0,0,0,1,1,1,1,1,1,1,1,1
8.1,3,3,3,3,3,3,3,3,1,0,0,1,2,2,2,2,2,2,2,2,2
8.11,3,3,3,3,3,3,3,3,2,1,0,0,0,1,1,1,1,1,1,1,1
8.12,2,2,2,2,2,2,2,2,1,0,0,0,1,1,1,1,1,1,1,1,1
8.17,3,3,3,3,3,3,3,3,2,1,0,0,0,1,1,1,1,1,1,1,1
8.18,3,3,3,3,3,3,3,0,0,0,0,1,1,1,1,1,1,1,1,1,1
8.2,3,3,3,3,3,3,3,3,1,0,0,1,1,1,1,1,1,1,1,1,1
8.20,3,3,3,3,3,3,3,2,1,0,0,1,1,1,1,1,1,1,1,1,1
8.7,2,2,2,2,2,2,2,2,0,0,0,0,1,1,1,1,1,1,1,1,1
9.1,2,2,2,2,2,2,2,2,2,2,1,1,1,1,1,1,1,1,1,1,1
91.12,3,3,3,3,3,3,3,3,1,1,0,0,0,1,1,1,1,1,1,1,1
91.17,3,3,3,3,3,3,3,2,2,0,0,0,0,1,1,1,1,1,1,1,1
91.7,3,3,3,3,3,3,3,2,0,0,1,2,2,2,2,2,2,2,2,2,2
91.X,3,3,3,3,3,3,3,3,2,0,0,0,1,1,1,1,1,1,1,1,1
94.11,3,3,3,3,3,3,3,3,2,1,0,0,0,1,1,1,1,1,1,1,1
94.16,2,2,2,2,2,2,2,1,1,0,0,1,1,1,1,1,1,1,1,1,1
94.17,3,3,3,3,3,3,3,2,2,1,0,0,0,1,1,1,1,1,1,1,1
94.3,3,3,3,3,3,3,3,2,1,0,0,0,1,1,1,1,1,1,1,1,1
94.4,3,3,3,3,3,3,3,2,0,0,0,0,1,1,1,1,1,1,1,1,1
96.10,2,2,2,2,2,2,2,0,0,0,1,1,1,1,1,1,1,1,1,1,1
96.14,2,2,2,2,2,2,2,1,0,0,1,1,1,1,1,1,1,1,1,1,1
