sequenceID,log_lambda_test_fold1,log_lambda_test_fold2,target_1,target_2,fold_1_total_labels,fold_2_total_labels,fold_1_fp_errs,fold_1_fn_errs,fold_1_tp,fold_1_tn,fold_2_fp_errs,fold_2_fn_errs,fold_2_tp,fold_2_tn
1.1,-0.2644186,0.1306076,"[0.25, 0.5]","[-2.5, 2.0]",2,1,1,0,1,0,0,0,1,0
1.11,-0.8242092,-0.60299397,"[-2.25, 7.0]","[-1.25, 2.0]",1,1,0,0,0,1,0,0,1,0
1.15,-1.2253399,-1.1286731,"[-3.25, 0.0]","[-3.75, 7.0]",1,1,0,0,1,0,0,0,0,1
1.6,-0.7964444,-0.5666089,"[-2.25, 1.5]","[-2.75, 7.0]",1,1,0,0,1,0,0,0,0,1
1.9,-0.9796729,-0.8067279,"[-2.0, 1.25]","[-1.0, 7.0]",1,1,0,0,1,0,0,0,0,1
106.11,-0.6889858,-0.4257846,"[-1.0, 7.0]","[-0.5, 2.75]",2,1,0,0,0,2,1,0,0,0
106.17,-0.71918774,-0.46536398,"[-1.0, 7.0]","[-2.25, 2.75]",2,1,0,0,0,2,0,0,1,0
106.5,-0.5589957,-0.25543356,"[-0.25, 7.0]","[-3.25, -0.5]",2,1,0,0,0,2,0,0,1,0
106.6,-0.62947035,-0.34779024,"[-2.75, 7.0]","[-3.5, 0.25]",2,1,0,0,0,2,0,0,1,0
106.9,-0.7734561,-0.53648233,"[-3.5, 0.0]","[-3.25, 7.0]",1,1,0,0,1,0,0,0,0,1
109.2,-0.3265295,0.04921198,"[-1.5, 7.0]","[-1.5, 0.75]",1,1,0,0,0,1,0,0,1,0
109.8,-0.47526264,-0.14570189,"[-3.75, 0.5]","[-3.5, 7.0]",1,1,0,0,1,0,0,0,0,1
11.1,-0.24481201,0.1563015,"[-0.75, 2.25]","[-1.0, 7.0]",1,1,0,0,1,0,0,0,0,1
11.4,-0.74852943,-0.5038161,"[-1.5, 0.5]","[-2.0, 7.0]",1,1,0,0,1,0,0,0,0,1
12.1,-0.21000671,0.20191383,"[-1.75, 1.0]","[-4.0, 0.5]",2,1,0,0,1,1,0,0,1,0
12.11,-0.6889858,-0.4257846,"[-1.0, 7.0]","[-2.25, 2.75]",2,1,0,0,0,2,0,0,1,0
12.17,-0.71918774,-0.46536398,"[-1.75, 7.0]","[-1.0, 2.5]",2,1,0,0,0,2,0,0,1,0
12.2,-0.42943573,-0.08564615,"[-2.75, 7.0]","[-3.25, 1.75]",2,1,0,0,0,2,0,0,1,0
12.6,-0.62947035,-0.34779024,"[-3.75, 7.0]","[-3.25, 1.0]",2,1,0,0,0,2,0,0,1,0
12.X,-0.7220373,-0.4690981,"[-1.25, 0.75]","[-2.75, 0.75]",3,2,0,0,1,2,0,0,1,1
128.12,-0.71354246,-0.45796585,"[-1.75, 7.0]","[-2.5, 0.75]",2,1,0,0,0,2,0,0,1,0
128.17,-0.8692479,-0.66201687,"[-2.25, 7.0]","[-0.5, 2.5]",2,1,0,0,0,2,1,0,0,0
128.2,-0.58540154,-0.2900381,"[-3.25, 7.0]","[-4.0, 1.0]",2,1,0,0,0,2,0,0,1,0
128.3,-0.7702646,-0.5322995,"[-1.0, 7.0]","[-2.25, 1.25]",2,1,0,0,0,2,0,0,1,0
128.6,-0.84618425,-0.63179207,"[-3.25, 7.0]","[-4.25, 0.75]",2,1,0,0,0,2,0,0,1,0
138.1,-0.1246562,0.31376505,"[-1.0, 7.0]","[-2.0, 1.5]",2,1,0,0,0,2,0,0,1,0
139.3,-0.56295395,-0.26062107,"[-3.0, 7.0]","[-4.0, 0.5]",2,1,0,0,0,2,0,0,1,0
139.4,-0.6068759,-0.31818056,"[-4.25, 7.0]","[-5.75, -0.75]",1,1,0,0,0,1,0,1,0,0
139.7,-0.7336197,-0.48427725,"[-1.75, 7.0]","[-2.75, 2.0]",2,1,0,0,0,2,0,0,1,0
145.1,-0.33217382,0.041814804,"[-2.25, 1.5]","[-2.5, 7.0]",1,1,0,0,1,0,0,0,0,1
145.17,-0.8242092,-0.60299397,"[-0.75, 1.75]","[-2.25, 7.0]",1,1,0,0,1,0,0,0,0,1
145.19,-1.7180567,-1.7743745,"[-5.0, 7.0]","[-3.25, -0.75]",1,1,0,0,0,1,0,0,1,0
145.2,-0.6412225,-0.36319113,"[-3.0, 1.0]","[-3.5, 7.0]",1,1,0,0,1,0,0,0,0,1
145.3,-0.8032303,-0.57550144,"[-1.0, 1.5]","[-3.75, 7.0]",1,1,0,0,1,0,0,0,0,1
145.4,-0.9018755,-0.70477486,"[-3.25, -0.25]","[-4.25, -0.25]",2,1,0,0,1,1,0,0,1,0
145.6,-0.93691826,-0.75069857,"[-3.0, 0.0]","[-3.5, 7.0]",2,1,0,0,2,0,0,0,0,1
145.7,-1.1097331,-0.97717094,"[-4.25, 0.5]","[-4.0, 7.0]",1,1,0,0,1,0,0,0,0,1
149.1,-0.23315287,0.17158079,"[-1.75, 7.0]","[-4.0, -1.0]",1,1,0,0,0,1,0,1,0,0
149.11,-0.7670951,-0.52814627,"[-2.5, 1.5]","[-2.0, 7.0]",1,1,0,0,1,0,0,0,0,1
149.2,-0.4900589,-0.16509247,"[-1.75, -1.75]","[-2.5, 7.0]",2,1,0,1,1,0,0,0,0,1
149.6,-0.73656225,-0.48813343,"[-3.75, -1.5]","[-3.5, 1.0]",2,1,0,1,0,1,0,0,1,0
153.11,-0.861433,-0.65177536,"[-2.0, 0.0]","[-1.0, 7.0]",1,1,0,0,1,0,0,0,0,1
153.17,-0.8278003,-0.6076999,"[-1.0, 7.0]","[-1.5, 0.25]",2,1,0,0,0,2,0,0,1,0
153.18,-1.250227,-1.1612868,"[-2.5, 7.0]","[-3.5, -0.25]",2,1,0,0,0,2,0,0,1,0
153.2,-0.5771022,-0.27916193,"[-0.75, 7.0]","[-3.5, 1.25]",2,1,0,0,0,2,0,0,1,0
153.4,-0.8278003,-0.6076999,"[-3.25, 7.0]","[-3.5, 0.5]",2,1,0,0,0,2,0,0,1,0
153.7,-0.9897113,-0.81988287,"[-1.0, 7.0]","[-3.0, -0.25]",2,1,0,0,0,2,0,0,1,0
162.1,-0.28708506,0.10090351,"[-1.5, 7.0]","[-3.5, 0.25]",1,1,0,0,0,1,0,0,1,0
162.11,-0.8976712,-0.6992655,"[-1.25, 7.0]","[-1.5, 1.25]",2,1,0,0,0,2,0,0,1,0
162.17,-0.8537464,-0.6417022,"[-2.5, 7.0]","[-1.5, 1.5]",2,1,0,0,0,2,0,0,1,0
162.19,-1.6620557,-1.7009854,"[-2.25, 7.0]","[-2.75, 0.0]",1,1,0,0,0,1,0,0,1,0
162.22,-1.2763529,-1.1955252,"[-1.75, -0.75]","[-5.0, 7.0]",1,1,0,0,1,0,0,0,0,1
162.3,-0.7670951,-0.52814627,"[-2.0, 0.0]","[-3.5, 1.5]",3,2,0,0,1,2,0,0,1,1
162.5,-0.7163563,-0.46165323,"[-1.75, 7.0]","[-1.75, 1.25]",2,1,0,0,0,2,0,0,1,0
162.7,-0.9948087,-0.82656336,"[-2.75, 7.0]","[-3.0, 0.25]",2,1,0,0,0,2,0,0,1,0
162.8,-0.96499586,-0.7874942,"[-2.0, 0.25]","[-5.0, 7.0]",1,1,0,0,1,0,0,0,0,1
17.1,-0.27215433,0.12046957,"[-3.5, 7.0]","[-2.75, 0.75]",2,1,0,0,0,2,0,0,1,0
17.11,-0.8424487,-0.62689686,"[-4.0, -0.75]","[-2.0, 0.5]",2,2,0,1,0,1,0,0,1,1
172.1,-0.21000671,0.20191383,"[-1.25, 7.0]","[-2.0, 0.25]",1,1,0,0,0,1,0,0,1,0
172.17,-0.71918774,-0.46536398,"[-2.5, 7.0]","[-2.5, 0.5]",2,1,0,0,0,2,0,0,1,0
172.3,-0.5570307,-0.25285864,"[-3.75, 7.0]","[-4.25, 0.5]",2,1,0,0,0,2,0,0,1,0
172.4,-0.59600496,-0.3039341,"[-2.75, 7.0]","[-4.0, -0.25]",2,1,0,0,0,2,0,0,1,0
173.11,-0.9018755,-0.70477486,"[-2.0, 7.0]","[-4.0, 0.75]",2,1,0,0,0,2,0,0,1,0
173.15,-1.3328185,-1.2695227,"[-3.75, 7.0]","[-3.0, 0.25]",1,1,0,0,0,1,0,0,1,0
173.16,-1.2945175,-1.2193298,"[-2.75, 7.0]","[-3.25, 0.25]",2,1,0,0,0,2,0,0,1,0
173.19,-1.7180567,-1.7743745,"[-2.25, -1.25]","[-1.75, 7.0]",1,1,0,0,1,0,0,0,0,1
173.4,-0.90611696,-0.7103338,"[-3.75, 0.25]","[-2.5, 7.0]",1,1,0,0,1,0,0,0,0,1
173.8,-1.0664134,-0.9204006,"[-1.25, 7.0]","[-4.75, 0.25]",2,1,0,0,0,2,0,0,1,0
188.1,-0.21000671,0.20191383,"[-2.0, 7.0]","[-2.75, 2.25]",2,1,0,0,0,2,0,0,1,0
188.2,-0.43088388,-0.087543964,"[-1.5, 2.0]","[-3.25, 7.0]",1,1,0,0,1,0,0,0,0,1
188.3,-0.5570307,-0.25285864,"[-0.75, 7.0]","[-1.75, 2.25]",2,1,0,0,0,2,0,0,1,0
188.6,-0.62947035,-0.34779024,"[-3.5, 1.25]","[-2.75, 7.0]",1,1,0,0,1,0,0,0,0,1
188.9,-0.7734561,-0.53648233,"[-3.0, 7.0]","[-2.75, 1.0]",1,1,0,0,0,1,0,0,1,0
189.1,-0.123330116,0.31550312,"[0.0, 7.0]","[-2.25, 1.0]",1,1,0,0,0,1,0,0,1,0
189.11,-0.6024947,-0.31243896,"[-1.75, 7.0]","[-2.5, 2.75]",2,1,0,0,0,2,0,0,1,0
189.15,-0.8976712,-0.6992655,"[-2.5, 7.0]","[-1.25, 0.75]",2,1,0,0,0,2,0,0,1,0
189.17,-0.57505226,-0.27647543,"[-1.0, 7.0]","[-1.0, 2.5]",2,1,0,0,0,2,0,0,1,0
189.18,-0.9279127,-0.73889685,"[-3.0, -1.0]","[-3.75, -0.25]",2,1,0,1,0,1,0,0,1,0
189.2,-0.3265295,0.04921198,"[-3.25, 7.0]","[-4.0, -0.75]",1,1,0,0,0,1,0,1,0,0
189.20,-0.88937426,-0.68839216,"[-2.75, 7.0]","[-0.75, 0.75]",1,1,0,0,0,1,0,0,1,0
189.3,-0.35438013,0.012713432,"[-3.0, 1.25]","[-2.25, 7.0]",1,1,0,0,1,0,0,0,0,1
189.5,-0.47044468,-0.13938856,"[-3.5, 7.0]","[-3.0, 1.25]",2,1,0,0,0,2,0,0,1,0
189.X,-0.62029123,-0.33576107,"[-1.75, 0.75]","[-2.5, 7.0]",1,1,0,0,1,0,0,0,0,1
2.1,-0.24390268,0.15749311,"[-2.25, 7.0]","[-3.0, 4.25]",2,1,0,0,0,2,0,0,1,0
2.19,-1.4071856,-1.3669801,"[-2.75, 1.0]","[-3.75, 7.0]",1,1,0,0,1,0,0,0,0,1
20003.2,1.0922637,1.9085293,"[0.75, 5.5]","[2.0, 7.0]",2,2,0,0,2,0,2,0,0,0
20005.2,1.0922637,1.9085293,"[0.75, 2.0]","[1.75, 5.25]",4,4,0,0,4,0,2,0,1,1
20005.3,1.0388088,1.8384771,"[2.0, 3.5]","[-0.25, 1.75]",3,3,1,0,2,0,0,0,3,0
20033.11,0.94526196,1.7158852,"[2.5, 5.75]","[-1.0, 2.5]",2,2,1,0,1,0,0,0,2,0
20052.3,1.0388088,1.8384771,"[-1.75, 7.0]","[-1.5, 2.0]",2,1,1,0,1,0,0,0,1,0
20082.22,1.1193042,1.9439659,"[1.0, 3.25]","[2.0, 5.75]",2,2,0,0,2,0,1,0,1,0
20090.20,1.2747502,2.1476765,"[1.5, 4.0]","[2.0, 4.0]",2,1,0,0,1,1,1,0,0,0
20092.19,1.1776562,2.0204363,"[2.75, 7.0]","[2.25, 6.75]",1,1,1,0,0,0,1,0,0,0
20105.22,1.1193042,1.9439659,"[-0.5, 7.0]","[-0.5, 0.5]",2,1,0,1,0,1,0,1,0,0
20108.20,1.2747502,2.1476765,"[1.75, 3.75]","[5.75, 7.0]",2,2,0,0,2,0,2,0,0,0
20109.20,1.2747502,2.1476765,"[1.75, 3.75]","[0.0, 3.75]",2,1,0,0,1,1,0,0,1,0
20118.2,1.0922637,1.9085293,"[1.75, 2.0]","[1.75, 2.75]",5,4,0,0,3,2,1,0,3,0
20119.2,1.0922637,1.9085293,"[0.75, 6.25]","[-0.25, 3.75]",2,2,0,0,2,0,0,0,1,1
20121.14,0.7982297,1.5232,"[-0.5, 1.75]","[3.0, 6.0]",2,2,0,0,2,0,1,0,1,0
20121.7,0.9588094,1.7336388,"[0.25, 4.5]","[-2.5, 1.0]",2,2,0,0,1,1,0,0,2,0
20124.1,1.0609345,1.8674736,"[2.0, 6.75]","[2.5, 7.0]",1,1,1,0,0,0,1,0,0,0
20124.16,0.7504988,1.460649,"[2.75, 5.5]","[2.75, 7.0]",1,1,1,0,0,0,1,0,0,0
20124.2,1.0922637,1.9085293,"[2.0, 6.5]","[1.75, 7.0]",1,1,0,0,1,0,1,0,0,0
20124.3,1.0388088,1.8384771,"[2.25, 7.0]","[1.0, 6.75]",2,1,1,0,0,1,0,0,1,0
20129.20,1.2637191,2.1332207,"[1.0, 2.5]","[0.0, 2.5]",2,1,0,0,1,1,0,0,1,0
20133.X,0.54724836,1.1942911,"[1.25, 1.25]","[-1.75, 0.25]",3,3,0,0,2,1,0,1,2,0
20134.X,0.54724836,1.1942911,"[1.25, 2.0]","[-1.5, 0.5]",3,3,0,0,2,1,0,0,3,0
20135.14,0.35846663,0.94689417,"[0.75, 1.5]","[0.5, 1.5]",3,2,0,0,1,2,1,0,1,0
20136.17,0.3125186,0.8866792,"[-1.0, 7.0]","[-2.0, 0.5]",2,1,1,1,0,0,0,0,1,0
20138.1,0.6791339,1.367126,"[4.0, 7.0]","[-3.25, 0.0]",2,2,1,0,0,1,0,2,0,0
20139.12,0.49583244,1.1269112,"[-0.5, 7.0]","[-1.0, -0.5]",2,1,1,1,0,0,0,1,0,0
20139.16,0.3146,0.88940716,"[-1.75, 7.0]","[0.5, 0.5]",3,2,1,2,0,0,0,0,2,0
20139.17,0.3125186,0.8866792,"[0.25, 3.75]","[1.75, 5.5]",2,2,0,0,2,0,2,0,0,0
20139.3,0.63159895,1.304832,"[-0.5, 6.0]","[2.0, 7.0]",1,1,0,0,1,0,1,0,0,0
20139.4,0.61885023,1.288125,"[-2.25, 0.5]","[1.75, 7.0]",2,1,0,2,0,0,1,0,0,0
20139.5,0.6009755,1.2646999,"[-2.5, 7.0]","[-1.5, 0.0]",2,1,1,1,0,0,0,1,0,0
20140.14,0.35846663,0.94689417,"[1.25, 1.25]","[-1.5, 1.25]",2,1,1,0,1,0,0,0,1,0
20140.15,0.3295312,0.90897465,"[-1.25, 7.0]","[-3.0, -0.25]",2,1,0,1,0,1,0,1,0,0
20141.12,0.49583244,1.1269112,"[-2.75, 7.0]","[-1.75, -0.25]",2,1,0,1,0,1,0,1,0,0
20141.14,0.35846663,0.94689417,"[-0.5, 7.0]","[-1.75, 1.25]",2,1,1,0,1,0,0,0,1,0
20141.5,0.6009755,1.2646999,"[-6.5, 7.0]","[-1.5, 0.5]",2,1,0,1,0,1,0,1,0,0
20142.18,0.29696655,0.8662987,"[3.0, 7.0]","[0.5, 2.75]",1,1,1,0,0,0,1,0,0,0
20142.22,-0.0015468597,0.4750991,"[-1.0, 0.0]","[-1.75, 0.0]",4,3,0,2,2,0,1,0,2,0
20143.X,0.54724836,1.1942911,"[0.5, 2.75]","[0.0, 7.0]",3,2,0,0,3,0,1,0,1,0
20144.14,0.35846663,0.94689417,"[-0.75, 1.5]","[-1.75, -0.5]",3,2,0,1,1,1,0,1,1,0
20144.9,0.4695158,1.0924234,"[-1.75, 7.0]","[-4.0, 0.5]",2,1,1,1,0,0,0,0,1,0
20145.1,0.6791339,1.367126,"[-1.25, 7.0]","[-1.0, -0.25]",2,1,0,1,0,1,0,1,0,0
20145.10,0.50027084,1.1327271,"[-1.0, 0.0]","[-2.25, 0.0]",2,1,0,1,0,1,0,1,0,0
20145.12,0.49583244,1.1269112,"[-2.25, 7.0]","[-2.0, -0.25]",2,1,0,1,0,1,0,1,0,0
20145.14,0.35846663,0.94689417,"[0.25, 1.25]","[-2.0, 1.25]",2,1,0,0,1,1,0,0,1,0
20145.4,0.61885023,1.288125,"[0.75, 0.75]","[0.25, 0.75]",2,2,0,1,0,1,0,0,1,1
20145.8,0.52726793,1.168107,"[-2.0, 7.0]","[-2.25, -0.25]",2,1,0,1,0,1,0,1,0,0
20145.9,0.4695158,1.0924234,"[1.0, 3.5]","[0.0, 3.5]",3,2,0,0,2,1,0,0,2,0
20145.X,0.54724836,1.1942911,"[0.75, 1.0]","[-0.75, 1.25]",3,3,0,1,1,1,0,0,3,0
20146.17,0.3125186,0.8866792,"[0.25, 6.0]","[-2.0, 7.0]",1,1,0,0,1,0,0,0,0,1
20146.4,0.61885023,1.288125,"[-2.25, 0.75]","[-1.25, 0.75]",2,1,0,1,0,1,0,0,1,0
20148.1,0.6791339,1.367126,"[-1.75, 0.25]","[0.25, 0.25]",3,3,1,2,0,0,0,1,2,0
20151.14,0.35846663,0.94689417,"[-0.75, 0.25]","[-4.75, 7.0]",3,2,0,1,2,0,1,0,1,0
20151.17,0.3125186,0.8866792,"[0.75, 5.25]","[2.0, 7.0]",1,1,0,0,1,0,1,0,0,0
20154.4,0.61885023,1.288125,"[-0.25, 0.5]","[1.75, 5.0]",3,2,0,2,1,0,2,0,0,0
20154.9,0.4695158,1.0924234,"[2.5, 4.25]","[-0.75, 4.25]",2,1,1,0,1,0,0,0,1,0
20157.11,0.49657726,1.1278868,"[2.0, 3.25]","[0.0, 3.25]",3,2,1,0,2,0,0,0,2,0
20158.1,0.6791339,1.367126,"[1.5, 7.0]","[-2.5, 0.25]",2,2,0,0,0,2,0,2,0,0
20158.9,0.4695158,1.0924234,"[-1.75, -0.75]","[-0.5, 0.0]",3,3,0,2,0,1,0,1,1,1
20159.1,0.6791339,1.367126,"[0.0, 2.0]","[-1.5, 1.5]",6,5,0,1,3,2,0,1,3,1
20159.14,0.35846663,0.94689417,"[0.25, 1.25]","[-2.0, 1.25]",2,1,0,0,1,1,0,0,1,0
20159.15,0.3295312,0.90897465,"[1.5, 3.75]","[-0.75, 3.75]",2,1,1,0,1,0,0,0,1,0
20159.3,0.63159895,1.304832,"[0.25, 1.75]","[0.75, 1.75]",3,2,0,0,1,2,0,0,1,1
20159.4,0.61885023,1.288125,"[0.75, 2.0]","[0.25, 0.75]",5,4,0,0,3,2,0,0,3,1
20159.9,0.4695158,1.0924234,"[-2.0, 0.25]","[2.5, 6.5]",2,2,0,2,0,0,1,0,1,0
20160.14,0.35846663,0.94689417,"[-1.75, 7.0]","[-1.25, 1.25]",2,1,1,0,1,0,0,0,1,0
20160.17,0.3125186,0.8866792,"[2.0, 5.25]","[2.0, 7.0]",2,1,1,0,1,0,1,0,0,0
20160.4,0.61885023,1.288125,"[1.0, 7.0]","[-0.25, 1.25]",2,1,1,0,1,0,0,0,1,0
20160.5,0.6009755,1.2646999,"[0.5, 1.0]","[-1.5, 7.0]",2,2,0,1,1,0,1,1,0,0
20161.1,0.6791339,1.367126,"[-2.25, 7.0]","[0.0, 3.75]",2,1,1,1,0,0,0,0,1,0
20161.12,0.49583244,1.1269112,"[-1.75, 7.0]","[-1.5, -0.25]",2,1,0,1,0,1,0,1,0,0
20161.22,-0.0015468597,0.4750991,"[-1.0, 7.0]","[-0.25, -0.25]",2,1,1,1,0,0,0,1,0,0
20162.12,0.49583244,1.1269112,"[-1.5, 7.0]","[-1.25, -0.25]",2,1,1,1,0,0,0,1,0,0
20162.17,0.3125186,0.8866792,"[0.25, 5.5]","[2.25, 7.0]",1,1,0,0,1,0,1,0,0,0
20162.7,0.5552368,1.2047596,"[2.0, 2.0]","[-1.25, 2.0]",3,2,1,0,2,0,0,0,2,0
20163.1,0.6791339,1.367126,"[-6.0, 7.0]","[-1.25, 0.25]",2,1,0,1,0,1,0,1,0,0
20163.7,0.5552368,1.2047596,"[-2.0, -0.25]","[-1.25, -0.25]",3,2,0,2,0,1,0,2,0,0
20163.9,0.4695158,1.0924234,"[-1.5, -0.25]","[-1.75, 0.0]",5,4,0,4,0,1,0,4,0,0
20164.1,0.6791339,1.367126,"[-1.0, -0.25]","[-2.25, -0.25]",4,3,1,3,0,0,0,3,0,0
20164.14,0.35846663,0.94689417,"[1.0, 1.5]","[-1.25, 1.5]",2,1,0,0,1,1,0,0,1,0
20164.4,0.61885023,1.288125,"[-2.75, 7.0]","[0.25, 7.0]",2,2,1,1,0,0,1,0,1,0
20165.15,0.3295312,0.90897465,"[1.0, 7.0]","[-0.25, 4.75]",2,1,0,0,0,2,0,0,1,0
20165.22,-0.0015468597,0.4750991,"[-0.75, 3.5]","[-1.25, 7.0]",3,2,0,1,1,1,1,0,1,0
20165.4,0.61885023,1.288125,"[-3.0, 7.0]","[-4.5, -0.5]",2,1,0,1,0,1,0,1,0,0
20166.12,0.49583244,1.1269112,"[-2.0, 7.0]","[-1.25, -0.25]",2,1,0,1,0,1,0,1,0,0
20166.17,0.3125186,0.8866792,"[1.0, 4.0]","[0.25, 4.0]",2,1,0,0,1,1,0,0,1,0
20166.4,0.61885023,1.288125,"[-0.75, 0.5]","[-1.0, 7.0]",3,2,0,1,2,0,1,0,1,0
20167.22,-0.0015468597,0.4750991,"[-0.75, 0.5]","[-1.5, 0.5]",4,3,0,0,4,0,1,0,2,0
20167.4,0.61885023,1.288125,"[-2.75, 0.0]","[-2.25, 7.0]",3,2,0,3,0,0,0,1,0,1
20168.11,0.49657726,1.1278868,"[-2.25, -0.75]","[-0.5, 0.25]",3,2,0,3,0,0,0,1,0,1
20168.16,0.3146,0.88940716,"[-2.25, 7.0]","[-3.0, -0.5]",2,1,0,1,0,1,0,1,0,0
20168.17,0.3125186,0.8866792,"[-0.5, 6.0]","[-1.75, 7.0]",2,2,1,1,0,0,0,1,0,1
20168.19,0.184237,0.7185674,"[1.25, 7.0]","[-1.0, -0.25]",2,2,1,0,0,1,0,2,0,0
20168.4,0.61885023,1.288125,"[-0.5, 7.0]","[-1.75, 7.0]",2,2,1,1,0,0,1,1,0,0
20169.10,0.50027084,1.1327271,"[-2.25, 7.0]","[-1.25, -0.5]",2,1,0,1,0,1,0,1,0,0
20169.14,0.35846663,0.94689417,"[-0.75, 1.5]","[1.75, 3.25]",2,2,0,0,2,0,1,0,1,0
20169.9,0.4695158,1.0924234,"[0.75, 4.5]","[2.25, 7.0]",2,1,0,0,1,1,1,0,0,0
20170.17,0.3125186,0.8866792,"[-0.25, 7.0]","[-0.25, -0.25]",2,2,0,0,0,2,0,2,0,0
20171.12,0.49583244,1.1269112,"[-3.25, 7.0]","[-2.25, 0.0]",2,1,0,1,0,1,0,1,0,0
20171.16,0.3146,0.88940716,"[-1.0, -0.75]","[-0.5, 0.0]",4,4,0,2,0,2,0,2,0,2
20171.17,0.3125186,0.8866792,"[-0.75, 0.0]","[-0.5, 0.0]",2,1,0,1,0,1,0,1,0,0
20172.20,0.2118311,0.7547293,"[-0.25, 0.5]","[0.75, 1.0]",6,6,0,2,4,0,2,0,4,0
20172.3,0.63159895,1.304832,"[2.25, 3.25]","[0.25, 2.0]",4,4,1,0,3,0,0,0,4,0
20173.19,0.184237,0.7185674,"[-0.75, 0.0]","[-2.5, 0.0]",2,1,0,1,0,1,0,1,0,0
20177.20,1.2637191,2.1332207,"[1.0, 3.25]","[-1.0, 3.25]",2,1,0,0,1,1,0,0,1,0
20178.20,1.2637191,2.1332207,"[2.0, 3.5]","[0.25, 3.5]",2,1,0,0,1,1,0,0,1,0
20183.20,1.2637191,2.1332207,"[0.5, 7.0]","[-0.25, 2.75]",2,1,1,0,1,0,0,0,1,0
20184.22,1.1031446,1.9227886,"[1.0, 2.5]","[1.0, 2.5]",2,1,0,0,1,1,0,0,1,0
20186.22,1.1031446,1.9227886,"[0.25, 2.75]","[0.75, 2.75]",2,1,0,0,1,1,0,0,1,0
204.2,-0.5709815,-0.27114058,"[-3.0, 7.0]","[-4.0, 0.0]",1,1,0,0,0,1,0,0,1,0
207.10,-0.8732047,-0.667202,"[-2.25, 1.25]","[-2.25, 1.25]",3,3,0,0,1,2,0,0,2,1
207.12,-0.6863389,-0.42231607,"[-3.0, 7.0]","[-4.5, 2.0]",2,1,0,0,0,2,0,0,1,0
207.15,-1.1863389,-1.0775623,"[-2.5, 7.0]","[-4.25, 1.0]",2,1,0,0,0,2,0,0,1,0
207.17,-0.7639475,-0.52402115,"[-2.5, 7.0]","[-2.75, 2.0]",2,1,0,0,0,2,0,0,1,0
207.18,-1.2417989,-1.1502419,"[-2.75, 1.25]","[-3.5, 7.0]",1,1,0,0,1,0,0,0,0,1
207.4,-0.77667,-0.54069424,"[-3.5, 7.0]","[-3.75, 1.75]",2,1,0,0,0,2,0,0,1,0
207.5,-0.6863389,-0.42231607,"[-1.75, 1.25]","[-3.25, 1.25]",2,2,0,0,1,1,0,0,1,1
217.17,-0.8242092,-0.60299397,"[-3.0, 7.0]","[-4.0, -1.25]",1,1,0,0,0,1,0,1,0,0
219.2,-0.49851084,-0.17616892,"[-2.75, -0.75]","[-2.25, 7.0]",1,1,0,1,0,0,0,0,0,1
219.5,-0.6557541,-0.38223457,"[-3.0, 7.0]","[-3.25, -1.75]",1,1,0,0,0,1,0,1,0,0
220.11,-0.8101177,-0.584527,"[-1.75, 7.0]","[-3.0, 1.75]",2,1,0,0,0,2,0,0,1,0
220.17,-0.75771713,-0.51585674,"[-2.75, 7.0]","[-1.0, 2.0]",2,1,0,0,0,2,0,0,1,0
220.19,-1.4304361,-1.3974495,"[-4.0, -0.75]","[-2.5, 7.0]",1,1,0,0,1,0,0,0,0,1
220.2,-0.5249376,-0.21080112,"[-2.0, 7.0]","[-3.25, 0.5]",2,1,0,0,0,2,0,0,1,0
220.20,-1.1162386,-0.9856968,"[-3.5, 7.0]","[-3.25, 0.25]",2,1,0,0,0,2,0,0,1,0
220.7,-0.88937426,-0.68839216,"[-2.25, 7.0]","[-3.5, -0.25]",2,1,0,0,0,2,0,0,1,0
226.1,-0.2711792,0.12174797,"[-1.75, 7.0]","[-2.0, 2.0]",2,1,0,0,0,2,0,0,1,0
227.1,-0.33789873,0.03431225,"[-2.25, 7.0]","[-3.75, 1.25]",2,1,0,0,0,2,0,0,1,0
227.2,-0.62256813,-0.33874464,"[-3.5, 7.0]","[-6.0, -0.75]",2,1,0,0,0,2,0,1,0,0
227.4,-0.92347336,-0.73307896,"[-3.25, 7.0]","[-4.25, 0.25]",2,1,0,0,0,2,0,0,1,0
247.1,-0.23849058,0.16458607,"[-2.75, 2.0]","[-2.5, 0.0]",2,2,0,0,1,1,0,0,2,0
247.11,-0.7930889,-0.56221104,"[-0.75, 7.0]","[-2.5, 3.0]",2,1,0,0,0,2,0,0,1,0
247.20,-1.1228294,-0.99433374,"[-4.0, 0.75]","[-3.25, 7.0]",1,1,0,0,1,0,0,0,0,1
247.4,-0.73656225,-0.48813343,"[-2.0, 1.5]","[-4.75, 7.0]",1,1,0,0,1,0,0,0,0,1
247.X,-0.91039705,-0.7159424,"[-2.75, 0.0]","[-1.5, 0.25]",2,1,0,0,1,1,0,0,1,0
257.1,-0.2340374,0.17042208,"[0.0, 7.0]","[-1.25, 3.0]",2,1,0,0,0,2,0,0,1,0
257.10,-0.7998247,-0.57103825,"[-3.25, 7.0]","[-3.0, 1.5]",1,1,0,0,0,1,0,0,1,0
257.17,-0.7336197,-0.48427725,"[-1.0, 7.0]","[-2.25, 1.5]",2,1,0,0,0,2,0,0,1,0
26.11,-0.857574,-0.646718,"[-1.75, 7.0]","[-3.0, 0.75]",2,1,0,0,0,2,0,0,1,0
26.17,-0.8242092,-0.60299397,"[-0.5, 1.25]","[-2.5, 7.0]",1,1,1,0,0,0,0,0,0,1
26.4,-0.8387432,-0.6220403,"[-2.25, -1.0]","[-3.25, -1.0]",2,1,0,1,0,1,0,0,1,0
26.8,-0.9698391,-0.7938404,"[-3.5, 7.0]","[-4.25, 0.0]",2,1,0,0,0,2,0,0,1,0
268.3,-0.72779083,-0.4766388,"[-1.75, 7.0]","[-3.25, 2.0]",1,1,0,0,0,1,0,0,1,0
270.11,-1.1228294,-0.99433374,"[1.25, 7.0]","[0.5, 2.75]",1,1,1,0,0,0,1,0,0,0
273.17,-0.74852943,-0.5038161,"[-3.0, 7.0]","[-2.0, 2.0]",2,1,0,0,0,2,0,0,1,0
273.6,-0.7670951,-0.52814627,"[-1.5, 1.5]","[-2.75, 1.5]",2,1,0,0,1,1,0,0,1,0
275.1,-0.25216532,0.14666557,"[-2.0, 7.0]","[-1.75, 4.0]",2,1,0,0,0,2,0,0,1,0
275.2,-0.53227377,-0.22041464,"[-1.5, 0.5]","[-2.75, 1.75]",2,1,0,0,1,1,0,0,1,0
294.1,-0.28304768,0.10619402,"[-0.75, 7.0]","[-2.0, 1.75]",2,1,0,0,0,2,0,0,1,0
30001.3,0.4143901,1.0201812,"[1.25, 1.5]","[-0.5, 2.75]",4,3,1,0,2,1,1,0,2,0
30001.8,0.24534321,0.7986469,"[0.75, 3.75]","[1.0, 7.0]",1,1,0,0,1,0,1,0,0,0
30011.11,1.0531535,1.857276,"[3.25, 4.75]","[3.75, 4.75]",3,2,2,0,0,1,1,0,1,0
30011.13,0.94956493,1.7215233,"[3.0, 7.0]","[-2.0, 1.5]",1,1,1,0,0,0,0,0,1,0
30011.15,0.9466305,1.7176781,"[-1.25, 1.75]","[3.0, 7.0]",1,1,0,0,1,0,1,0,0,0
30011.2,1.202414,2.0528812,"[1.5, 5.75]","[1.75, 7.0]",2,1,1,0,1,0,1,0,0,0
30011.22,0.7523799,1.4631147,"[0.25, 2.5]","[2.0, 4.0]",3,2,0,0,2,1,1,0,1,0
30011.7,1.1156273,1.939147,"[1.0, 7.0]","[2.75, 3.0]",3,2,1,0,1,1,1,0,1,0
30011.8,1.0484953,1.8511715,"[0.75, 2.5]","[-0.5, 7.0]",2,1,1,1,0,0,1,0,0,0
30016.6,1.1131268,1.9358702,"[1.5, 4.0]","[-1.25, 6.25]",4,3,1,1,2,0,1,0,2,0
30020.4,1.1083798,1.9296494,"[2.75, 4.5]","[5.5, 7.0]",3,2,1,0,2,0,2,0,0,0
30022.12,0.3480878,0.9332924,"[-2.75, 5.0]","[1.5, 7.0]",1,1,0,0,1,0,1,0,0,0
30022.17,0.3399911,0.9226818,"[1.0, 4.75]","[2.25, 7.0]",1,1,0,0,1,0,1,0,0,0
30022.9,0.24206877,0.7943554,"[-0.25, 2.5]","[1.75, 2.5]",3,2,0,0,2,1,1,0,1,0
30023.17,0.3399911,0.9226818,"[1.5, 2.75]","[-0.5, 2.75]",2,1,1,0,1,0,0,0,1,0
30023.9,0.24206877,0.7943554,"[0.25, 7.0]","[-1.5, 2.5]",2,1,1,0,1,0,0,0,1,0
30024.17,0.3399911,0.9226818,"[0.0, 5.5]","[2.0, 7.0]",1,1,0,0,1,0,1,0,0,0
30024.4,0.31554222,0.8906417,"[1.75, 3.0]","[-1.25, 3.0]",2,1,1,0,1,0,0,0,1,0
30024.6,0.37374687,0.96691847,"[2.75, 4.25]","[-0.5, 4.25]",2,1,1,0,1,0,0,0,1,0
311.1,-0.2644186,0.1306076,"[-1.75, 3.0]","[-2.0, 7.0]",1,1,0,0,1,0,0,0,0,1
311.11,-0.8499503,-0.63672733,"[-2.0, 7.0]","[-2.0, 1.0]",1,1,0,0,0,1,0,0,1,0
311.15,-1.1788797,-1.0677872,"[-0.5, 7.0]","[-3.5, 1.75]",2,1,1,0,0,1,0,0,1,0
311.16,-1.150084,-1.0300508,"[-2.0, 7.0]","[-2.5, 1.75]",2,1,0,0,0,2,0,0,1,0
311.20,-1.1788797,-1.0677872,"[-3.25, 7.0]","[-3.5, -0.75]",1,1,0,0,0,1,0,0,1,0
311.7,-0.90611696,-0.7103338,"[-1.5, 7.0]","[-1.25, 3.25]",2,1,0,0,0,2,0,0,1,0
314.1,-0.2820449,0.10750818,"[1.0, 7.0]","[-1.25, 4.0]",2,1,1,0,0,1,0,0,1,0
314.5,-0.7546339,-0.511816,"[-1.75, 7.0]","[-0.25, 1.25]",1,1,0,0,0,1,1,0,0,0
314.8,-0.97473097,-0.80025196,"[-2.25, 7.0]","[-3.0, 1.75]",1,1,0,0,0,1,0,0,1,0
316.1,-0.26250792,0.13311148,"[-3.0, 7.0]","[-4.25, 0.0]",1,1,0,0,0,1,0,0,1,0
316.10,-0.9414854,-0.75668335,"[-4.75, 7.0]","[-3.5, 1.0]",1,1,0,0,0,1,0,0,1,0
316.12,-0.72779083,-0.4766388,"[-4.0, 1.25]","[-2.75, 7.0]",1,1,0,0,1,0,0,0,0,1
316.15,-1.2253399,-1.1286731,"[-3.75, 7.0]","[-3.0, 1.0]",2,1,0,0,0,2,0,0,1,0
316.20,-1.1642795,-1.0486536,"[-4.5, 7.0]","[-3.0, 0.5]",1,1,0,0,0,1,0,0,1,0
316.7,-0.94609594,-0.76272583,"[-3.5, 7.0]","[-2.0, 1.75]",2,1,0,0,0,2,0,0,1,0
329.11,-0.8976712,-0.6992655,"[-2.75, 1.0]","[-3.25, 7.0]",1,1,0,0,1,0,0,0,0,1
329.17,-0.8278003,-0.6076999,"[-0.25, 7.0]","[0.25, 2.25]",2,1,1,0,0,1,1,0,0,0
329.18,-1.3229828,-1.2566333,"[-3.0, 1.0]","[-2.5, 7.0]",1,1,0,0,1,0,0,0,0,1
329.4,-0.92347336,-0.73307896,"[-1.5, 0.0]","[-2.5, 0.0]",2,2,0,0,1,1,0,0,1,1
329.6,-0.9323945,-0.74477005,"[-2.75, 7.0]","[-2.0, 0.25]",1,1,0,0,0,1,0,0,1,0
329.8,-1.0546975,-0.9050474,"[-2.5, 7.0]","[-2.75, 0.25]",1,1,0,0,0,1,0,0,1,0
33.1,-0.123330116,0.31550312,"[0.0, 7.0]","[-3.5, 0.25]",1,1,0,0,0,1,0,0,1,0
33.3,-0.35438013,0.012713432,"[-2.25, 2.5]","[-2.5, 1.25]",2,1,0,0,1,1,0,0,1,0
33.6,-0.52312326,-0.20842314,"[-4.0, 0.5]","[-3.75, 7.0]",1,1,0,0,1,0,0,0,0,1
33.7,-0.60468006,-0.31530237,"[-3.75, 7.0]","[-2.0, -0.25]",1,1,0,0,0,1,0,0,1,0
330.1,-0.33217382,0.041814804,"[-2.0, 7.0]","[-2.5, 3.0]",2,1,0,0,0,2,0,0,1,0
330.16,-1.3634512,-1.3096666,"[-2.25, 7.0]","[-1.5, 0.5]",1,1,0,0,0,1,0,0,1,0
330.17,-0.8278003,-0.6076999,"[-2.25, 7.0]","[-3.0, 1.25]",2,1,0,0,0,2,0,0,1,0
331.1,-0.33331203,0.040323257,"[-1.0, 3.0]","[-1.25, 7.0]",1,1,0,0,1,0,0,0,0,1
331.11,-0.88937426,-0.68839216,"[-1.0, 2.5]","[0.0, 0.0]",3,2,0,0,1,2,1,0,1,0
331.12,-0.7336197,-0.48427725,"[-1.75, 7.0]","[-0.75, 1.5]",2,1,0,0,0,2,0,0,1,0
331.16,-1.3133249,-1.2439761,"[-1.75, 1.5]","[-1.25, 7.0]",1,1,0,0,1,0,0,0,0,1
331.17,-0.8101177,-0.584527,"[-1.75, -1.0]","[-1.75, 7.0]",3,2,0,1,2,0,0,0,0,2
331.2,-0.61353207,-0.32690287,"[-2.0, 1.75]","[-1.75, 7.0]",1,1,0,0,1,0,0,0,0,1
331.20,-1.1939073,-1.0874805,"[-4.25, 7.0]","[-1.5, 0.75]",1,1,0,0,0,1,0,0,1,0
331.4,-0.87719536,-0.67243147,"[0.0, 1.25]","[-1.75, 1.0]",3,3,1,0,1,1,0,0,2,1
331.5,-0.75157166,-0.50780296,"[-2.0, 7.0]","[-1.25, 1.75]",1,1,0,0,0,1,0,0,1,0
331.6,-0.8692479,-0.66201687,"[-1.5, 0.75]","[-1.75, 0.75]",2,2,0,0,1,1,0,0,1,1
332.1,-0.4138322,-0.065197945,"[0.0, 3.0]","[-0.25, 7.0]",1,1,0,0,1,0,1,0,0,0
332.18,-1.4932206,-1.4797287,"[-1.75, -0.25]","[-1.25, 7.0]",1,1,0,0,1,0,1,0,0,0
332.6,-1.1642795,-1.0486536,"[-0.75, 7.0]","[-1.5, 0.75]",2,1,1,0,0,1,0,0,1,0
332.7,-1.0845218,-0.9441314,"[-0.5, 7.0]","[-2.25, 0.75]",2,1,1,0,0,1,0,0,1,0
340.1,-0.26923513,0.124295235,"[-1.5, 1.75]","[-0.75, 7.0]",1,1,0,1,0,0,0,0,0,1
340.6,-0.8242092,-0.60299397,"[-1.25, 7.0]","[-1.75, 0.0]",2,1,0,0,0,2,0,0,1,0
340.9,-1.0051675,-0.84013844,"[-0.5, 7.0]","[-2.0, -0.25]",1,1,1,0,0,0,0,0,1,0
341.1,-0.24209023,0.15986824,"[1.0, 7.0]","[0.0, 2.25]",2,1,1,0,0,1,1,0,0,0
349.1,-0.46410704,-0.13108301,"[-2.0, 2.0]","[-2.25, 7.0]",1,1,0,0,1,0,0,0,0,1
349.17,-0.9414854,-0.75668335,"[-3.25, 7.0]","[-2.0, 0.5]",1,1,0,0,0,1,0,0,1,0
349.2,-0.9323945,-0.74477005,"[-2.75, 0.25]","[-2.5, 7.0]",1,1,0,0,1,0,0,0,0,1
352.17,-0.8066611,-0.57999754,"[-3.25, 7.0]","[-0.5, 2.0]",2,1,0,0,0,2,1,0,0,0
352.3,-0.81360054,-0.5890913,"[-1.0, 7.0]","[-2.5, 1.25]",2,1,0,0,0,2,0,0,1,0
360.1,-0.2411871,0.16105223,"[-1.25, 2.5]","[-0.75, 7.0]",1,1,0,0,1,0,0,0,0,1
364.2,-0.5019398,-0.18066263,"[-4.0, 7.0]","[-4.0, 0.0]",2,1,0,0,0,2,0,0,1,0
371.10,-1.418688,-1.3820543,"[-2.75, 7.0]","[-1.75, -0.75]",1,1,0,0,0,1,0,0,1,0
371.14,-1.5204449,-1.5154057,"[-2.75, 7.0]","[-3.0, -0.75]",1,1,1,0,0,0,0,0,1,0
371.17,-1.0211291,-0.86105585,"[-1.5, 7.0]","[-1.75, 0.5]",2,1,0,0,0,2,0,0,1,0
373.14,-1.4932206,-1.4797287,"[-3.5, 7.0]","[-3.25, -0.75]",1,1,0,0,0,1,0,0,1,0
375.1,-0.4547782,-0.118857384,"[-1.75, 2.5]","[1.0, 7.0]",1,1,0,0,1,0,1,0,0,0
375.12,-0.8278003,-0.6076999,"[-1.75, 7.0]","[-2.25, -0.25]",1,1,0,0,0,1,0,0,1,0
375.3,-0.857574,-0.646718,"[-1.0, 7.0]","[-2.25, 2.0]",2,1,0,0,0,2,0,0,1,0
375.4,-1.0845218,-0.9441314,"[-1.75, 1.25]","[-3.0, 7.0]",1,1,0,0,1,0,0,0,0,1
375.7,-1.1715279,-1.0581522,"[-2.25, 7.0]","[-1.5, 1.0]",2,1,0,0,0,2,0,0,1,0
378.1,-0.27020597,0.12302303,"[-0.5, 2.75]","[-1.5, 2.75]",3,2,0,0,1,2,0,0,1,1
378.10,-0.8732047,-0.667202,"[-0.75, 7.0]","[-2.5, 1.75]",1,1,0,0,0,1,0,0,1,0
378.11,-0.83141947,-0.612443,"[-0.75, 7.0]","[-1.25, 2.5]",2,1,0,0,0,2,0,0,1,0
378.7,-0.92347336,-0.73307896,"[-0.25, 7.0]","[-2.0, 2.5]",2,1,1,0,0,1,0,0,1,0
39.1,-0.29014015,0.09689951,"[-0.25, 7.0]","[-2.0, 1.25]",1,1,0,0,0,1,0,0,1,0
39.11,-0.87719536,-0.67243147,"[-1.75, 1.0]","[-1.25, 1.75]",2,2,0,0,1,1,0,0,1,1
39.20,-1.1571326,-1.0392876,"[-3.0, 0.0]","[-2.0, 7.0]",1,1,0,0,1,0,0,0,0,1
39.8,-0.96020126,-0.7812104,"[-3.25, -0.75]","[-2.25, 0.75]",2,2,0,0,1,1,0,0,1,1
419.11,-0.60468006,-0.31530237,"[-1.5, 7.0]","[-4.0, 1.75]",2,1,0,0,0,2,0,0,1,0
421.5,-0.47044468,-0.13938856,"[-2.75, 7.0]","[-3.0, 0.25]",2,1,0,0,0,2,0,0,1,0
429.11,-0.6024947,-0.31243896,"[-3.0, 7.0]","[-3.75, 0.75]",1,1,0,0,0,1,0,0,1,0
429.17,-0.57505226,-0.27647543,"[-0.25, 1.25]","[-1.25, 7.0]",1,1,0,0,1,0,0,0,0,1
429.5,-0.47204447,-0.14148474,"[-3.25, 7.0]","[-3.0, 0.25]",2,1,0,0,0,2,0,0,1,0
44.17,-0.7546339,-0.511816,"[-2.5, 2.5]","[-2.0, 7.0]",1,1,0,0,1,0,0,0,0,1
44.19,-1.418688,-1.3820543,"[-3.5, 7.0]","[-2.25, 0.75]",1,1,0,0,0,1,0,0,1,0
44.3,-0.6412225,-0.36319113,"[-3.25, 1.5]","[-2.25, 1.5]",2,2,0,0,1,1,0,0,1,1
44.5,-0.6557541,-0.38223457,"[-0.5, 7.0]","[-1.5, 2.5]",2,1,0,0,0,2,0,0,1,0
44.7,-0.8692479,-0.66201687,"[-3.25, 7.0]","[-2.75, 1.75]",2,1,0,0,0,2,0,0,1,0
441.11,-0.6113019,-0.32398033,"[-3.75, 7.0]","[-3.25, -0.5]",2,1,0,0,0,2,0,0,1,0
446.1,-0.12732267,0.3102708,"[-1.0, 1.5]","[-2.5, 0.25]",2,2,0,0,1,1,0,0,2,0
446.10,-0.6068759,-0.31818056,"[-3.0, 7.0]","[-2.5, 0.75]",1,1,0,0,0,1,0,0,1,0
446.11,-0.6068759,-0.31818056,"[-3.25, 7.0]","[-2.25, 1.75]",1,1,0,0,0,1,0,0,1,0
446.17,-0.5771022,-0.27916193,"[-1.75, 7.0]","[-2.5, 1.0]",2,1,0,0,0,2,0,0,1,0
446.2,-0.3287773,0.046265602,"[-2.0, 1.5]","[-3.75, 7.0]",1,1,0,0,1,0,0,0,0,1
446.3,-0.35558414,0.011135578,"[-2.25, 0.75]","[-2.25, 7.0]",1,1,0,0,1,0,0,0,0,1
446.8,-0.47526264,-0.14570189,"[-3.25, 7.0]","[-3.0, 0.5]",1,1,0,0,0,1,0,0,1,0
464.2,-0.32765198,0.047740936,"[-2.0, 7.0]","[-3.75, 0.75]",2,1,0,0,0,2,0,0,1,0
470.1,-0.12665415,0.31114674,"[-0.75, 7.0]","[-2.0, 0.75]",1,1,0,0,0,1,0,0,1,0
470.17,-0.57505226,-0.27647543,"[-1.5, 0.5]","[-2.5, 7.0]",1,1,0,0,1,0,0,0,0,1
479.11,-0.6024947,-0.31243896,"[-3.25, -0.5]","[-2.25, 0.75]",2,1,0,0,1,1,0,0,1,0
479.17,-0.57505226,-0.27647543,"[-2.75, 7.0]","[-3.5, 1.0]",2,1,0,0,0,2,0,0,1,0
482.5,-0.47204447,-0.14148474,"[-2.75, 7.0]","[-3.5, 0.0]",2,1,0,0,0,2,0,0,1,0
482.8,-0.47526264,-0.14570189,"[-2.25, -1.25]","[-3.75, -1.25]",2,1,0,1,0,1,0,1,0,0
487.11,-0.6024947,-0.31243896,"[-2.0, 7.0]","[-3.0, 1.25]",2,1,0,0,0,2,0,0,1,0
487.17,-0.57505226,-0.27647543,"[-2.0, 7.0]","[-0.25, 2.0]",2,1,0,0,0,2,1,0,0,0
487.4,-0.45019102,-0.112846375,"[-3.0, 0.5]","[-3.25, 7.0]",1,1,0,0,1,0,0,0,0,1
487.6,-0.521317,-0.20605612,"[-3.25, 7.0]","[-3.25, 0.5]",2,1,0,0,0,2,0,0,1,0
50.13,-1.150084,-1.0300508,"[-3.0, 0.5]","[-4.25, 7.0]",1,1,0,0,1,0,0,0,0,1
50.14,-1.2335048,-1.1393728,"[-3.25, -0.25]","[-3.25, 7.0]",1,1,0,0,1,0,0,0,0,1
50.2,-0.5771022,-0.27916193,"[-3.5, 1.0]","[-3.75, 7.0]",1,1,0,0,1,0,0,0,0,1
50.6,-0.8537464,-0.6417022,"[-2.25, -1.5]","[-3.75, 7.0]",2,1,0,1,1,0,0,0,0,1
508.1,0.6791339,1.367126,"[-7.0, 7.0]","[2.5, 7.0]",1,1,1,0,0,0,1,0,0,0
508.2,0.69690704,1.3904171,"[-0.75, 7.0]","[-7.0, 7.0]",1,1,0,0,0,1,0,1,0,0
513.7,-0.6068759,-0.31818056,"[-2.25, 7.0]","[-2.5, 0.25]",2,1,0,0,0,2,0,0,1,0
516.1,-0.12003565,0.3198204,"[-1.75, 7.0]","[0.0, 0.25]",2,1,0,0,0,2,0,0,1,0
516.2,-0.3254099,0.05067873,"[-4.25, 7.0]","[-3.75, 0.0]",2,1,0,0,0,2,0,0,1,0
522.1,-0.12732267,0.3102708,"[-1.0, 0.25]","[-1.0, 7.0]",1,1,0,0,1,0,0,0,0,1
522.11,-0.6024947,-0.31243896,"[-2.0, 7.0]","[-4.0, 1.5]",2,1,0,0,0,2,0,0,1,0
522.17,-0.5875015,-0.29278994,"[-1.5, 7.0]","[-0.25, 1.75]",2,1,0,0,0,2,1,0,0,0
522.21,-1.3133249,-1.2439761,"[-5.75, 7.0]","[-3.25, -0.75]",1,1,0,0,0,1,0,0,1,0
522.3,-0.3592167,0.006375313,"[-2.5, 7.0]","[-3.25, 1.75]",2,1,0,0,0,2,0,0,1,0
522.4,-0.44565487,-0.10690117,"[-3.75, 7.0]","[-2.75, 0.5]",2,1,0,0,0,2,0,0,1,0
544.17,-0.5730119,-0.27380133,"[-2.25, 7.0]","[-1.75, 0.75]",2,1,0,0,0,2,0,0,1,0
544.2,-0.3242936,0.052141666,"[-3.0, -0.25]","[-3.75, 0.75]",3,2,0,1,0,2,0,0,1,1
545.17,-0.57505226,-0.27647543,"[-1.25, 1.5]","[-2.0, 7.0]",1,1,0,0,1,0,0,0,0,1
57.1,-0.23227024,0.1727376,"[-0.5, 0.75]","[-1.75, 0.75]",2,1,0,0,1,1,0,0,1,0
57.12,-0.63413334,-0.3539009,"[-1.25, 7.0]","[-0.5, 2.5]",1,1,0,0,0,1,0,0,1,0
57.13,-1.0211291,-0.86105585,"[-3.75, 7.0]","[-2.25, 1.25]",1,1,0,0,0,1,0,0,1,0
57.14,-1.0489421,-0.8975043,"[-1.0, 1.25]","[-1.5, 7.0]",1,1,0,0,1,0,0,0,0,1
57.16,-1.1162386,-0.9856968,"[-3.5, 7.0]","[-2.0, 1.25]",2,1,0,0,0,2,0,0,1,0
57.17,-0.72779083,-0.4766388,"[-0.75, 1.25]","[-2.75, 7.0]",1,1,0,0,1,0,0,0,0,1
57.5,-0.6532984,-0.3790164,"[-1.25, 1.5]","[-0.75, 7.0]",1,1,0,0,1,0,0,0,0,1
57.7,-0.8499503,-0.63672733,"[-2.0, 7.0]","[-2.25, 0.75]",1,1,0,0,0,1,0,0,1,0
57.8,-0.857574,-0.646718,"[-3.0, 1.5]","[-1.0, 7.0]",1,1,0,0,1,0,0,0,0,1
586.1,-0.123330116,0.31550312,"[-1.5, 7.0]","[-4.0, 0.25]",1,1,0,0,0,1,0,0,1,0
587.1,-0.123330116,0.31550312,"[-1.25, 7.0]","[-2.0, 0.5]",2,1,0,0,0,2,0,0,1,0
587.17,-0.57505226,-0.27647543,"[-2.25, 7.0]","[-1.5, -0.25]",2,1,0,0,0,2,0,0,1,0
591.1,0.6791339,1.367126,"[2.5, 7.0]","[0.0, 3.0]",1,1,1,0,0,0,0,0,1,0
592.1,-0.13339233,0.30231667,"[-1.75, 1.25]","[-3.75, 7.0]",1,1,0,0,1,0,0,0,0,1
592.2,-0.32765198,0.047740936,"[-3.5, 7.0]","[-3.0, 1.5]",1,1,0,0,0,1,0,0,1,0
592.3,-0.3580022,0.007966995,"[-2.0, 1.75]","[-3.25, 7.0]",1,1,0,0,1,0,0,0,0,1
593.11,0.49657726,1.1278868,"[2.25, 7.0]","[0.75, 6.0]",2,1,2,0,0,0,1,0,0,0
66.1,-0.26826715,0.12556362,"[-1.5, -0.5]","[-2.0, -0.5]",2,1,0,1,0,1,0,1,0,0
66.17,-0.7831669,-0.54920864,"[-2.0, 7.0]","[-2.75, 1.5]",2,1,0,0,0,2,0,0,1,0
66.21,-1.6987984,-1.7491364,"[-1.75, 7.0]","[-2.5, 0.0]",1,1,0,0,0,1,0,0,1,0
66.5,-0.69973326,-0.4398694,"[-3.0, 7.0]","[-4.0, 0.25]",2,1,0,0,0,2,0,0,1,0
67.19,-1.3959193,-1.3522158,"[-2.75, -0.5]","[-3.75, 0.0]",2,1,0,0,1,1,0,0,1,0
79.5,-0.7897577,-0.5578456,"[-1.25, 7.0]","[-2.75, 2.0]",2,1,0,0,0,2,0,0,1,0
8.1,-0.33217382,0.041814804,"[-2.25, 1.25]","[-2.5, 0.5]",2,1,0,0,1,1,0,0,1,0
8.11,-0.90611696,-0.7103338,"[-1.0, 7.0]","[-0.25, 3.0]",2,1,0,0,0,2,1,0,0,0
8.12,-0.7220373,-0.4690981,"[-2.5, 7.0]","[-2.0, 1.25]",1,1,0,0,0,1,0,0,1,0
8.17,-0.8278003,-0.6076999,"[-1.25, 7.0]","[-0.75, 3.0]",2,1,0,0,0,2,0,0,1,0
8.18,-1.3133249,-1.2439761,"[-3.25, 7.0]","[-3.25, 0.5]",2,1,0,0,0,2,0,0,1,0
8.2,-0.6460128,-0.36946917,"[-2.5, 7.0]","[-2.0, 0.75]",2,1,0,0,0,2,0,0,1,0
8.20,-1.1863389,-1.0775623,"[-3.0, 7.0]","[-1.0, 0.5]",2,1,0,0,0,2,1,0,0,0
8.7,-1.1097331,-0.97717094,"[-2.75, 7.0]","[-2.25, 1.75]",1,1,0,0,0,1,0,0,1,0
9.1,-0.23492384,0.16926003,"[2.75, 7.0]","[-1.0, 2.5]",1,1,1,0,0,0,0,0,1,0
91.12,-0.75771713,-0.51585674,"[-2.5, 7.0]","[0.0, 2.25]",2,1,0,0,0,2,1,0,0,0
91.17,-0.81360054,-0.5890913,"[-2.0, 7.0]","[-1.5, 2.25]",2,1,0,0,0,2,0,0,1,0
91.7,-0.9948087,-0.82656336,"[-2.75, -0.5]","[-3.5, 0.5]",2,1,0,0,1,1,0,0,1,0
91.X,-0.9948087,-0.82656336,"[-2.25, 7.0]","[-1.25, 1.5]",2,1,0,0,0,2,0,0,1,0
94.11,-0.6889858,-0.4257846,"[-0.75, 7.0]","[-2.5, 2.5]",2,1,0,0,0,2,0,0,1,0
94.16,-0.9698391,-0.7938404,"[-4.25, 7.0]","[-2.0, 0.5]",1,1,0,0,0,1,0,0,1,0
94.17,-0.71918774,-0.46536398,"[-1.25, 7.0]","[-1.0, 2.5]",2,1,0,0,0,2,0,0,1,0
94.3,-0.5570307,-0.25285864,"[-1.75, 7.0]","[-2.5, 2.0]",2,1,0,0,0,2,0,0,1,0
94.4,-0.59600496,-0.3039341,"[-2.25, 7.0]","[-3.25, 1.5]",2,1,0,0,0,2,0,0,1,0
96.10,-0.60468006,-0.31530237,"[-4.25, -1.25]","[-4.0, 7.0]",1,1,0,1,0,0,0,0,0,1
96.14,-0.8278003,-0.6076999,"[-4.0, -1.0]","[-2.75, 7.0]",1,1,0,1,0,0,0,0,0,1
