seqID,std_deviation,range_value,abs_skewness,kurtosis,count,sum_diff,0.1,0.2,0.3,0.4,0.5,0.6,0.7,0.8,0.9,1.0
0.0,0.18343093516727438,1.354228586790673,2.2070262018258235,7.508871207386045,474.0,42.082265898381095,157.0,40.0,13.0,1.0,0.0,0.0,0.0,0.0,0.0,0.0
1.0,0.26322765207315424,0.931738882476927,0.14813116790277162,-1.4871851751406155,155.0,18.88319703289236,69.0,30.0,10.0,5.0,3.0,1.0,0.0,0.0,0.0,0.0
2.0,0.18672523731027024,1.178471798008005,1.7314096772831529,5.540866606007109,79.0,10.137506147902794,40.0,13.0,5.0,3.0,1.0,1.0,1.0,1.0,0.0,0.0
3.0,0.21293999514876852,0.9662691426874499,0.2875261828845136,-0.9435699134345086,163.0,19.488163995475908,79.0,22.0,9.0,5.0,3.0,2.0,0.0,0.0,0.0,0.0
4.0,0.22976012407005436,1.163706478707155,0.6076090072481058,-0.10640566487273384,118.0,13.048671672299278,48.0,17.0,7.0,4.0,1.0,1.0,0.0,0.0,0.0,0.0
5.0,0.3499487354503185,1.416,0.007766193430293978,-1.3311318035706956,199.0,28.222,101.0,54.0,22.0,11.0,3.0,1.0,0.0,0.0,0.0,0.0
6.0,0.3360585256471607,1.208,1.0035391729092884,-0.46713105869758653,188.0,23.986,85.0,36.0,19.0,9.0,4.0,3.0,2.0,1.0,1.0,0.0
7.0,0.11105541533842736,1.206,1.535850239341792,15.426845449609559,256.0,17.812333333333335,55.0,11.0,6.0,5.0,3.0,3.0,3.0,1.0,0.0,0.0
8.0,0.11641166117530073,0.784,0.3770991680636979,0.18233406949368458,223.0,18.998,76.0,18.0,2.0,2.0,0.0,0.0,0.0,0.0,0.0,0.0
9.0,0.11150503228175819,0.659,1.4074059204688434,3.4699688974864116,170.0,12.168,42.0,6.0,1.0,1.0,0.0,0.0,0.0,0.0,0.0,0.0
10.0,0.12212036008275041,0.864398513494439,0.007406279355894102,0.531384481338653,414.0,39.81337562877555,164.0,39.0,8.0,3.0,2.0,2.0,0.0,0.0,0.0,0.0
11.0,0.09557900291564933,0.47865359857481604,0.10855993988993785,-0.976477604102922,303.0,18.282182212225106,57.0,6.0,0.0,0.0,0.0,0.0,0.0,0.0,0.0,0.0
12.0,0.2465370734871383,1.4637807277315948,1.4525755393701467,2.134538441234477,495.0,64.87634406668352,227.0,98.0,51.0,27.0,12.0,5.0,4.0,1.0,0.0,0.0
13.0,0.1533558943578754,1.001247466606811,2.0238956394635035,5.833437406943743,178.0,18.323118584795584,68.0,24.0,8.0,4.0,1.0,0.0,0.0,0.0,0.0,0.0
14.0,0.11839851480468906,1.0859999999999999,0.686978596553192,7.478288635491964,535.0,30.840999999999998,84.0,15.0,7.0,2.0,2.0,1.0,0.0,0.0,0.0,0.0
15.0,0.33541664755643397,1.17,0.263129040400893,-1.471690984666614,199.0,24.264,87.0,42.0,16.0,5.0,1.0,0.0,0.0,0.0,0.0,0.0
16.0,0.31361854208890916,1.115,0.15890542638012103,-1.2848410563994332,188.0,26.047000000000004,89.0,46.0,22.0,12.0,7.0,2.0,1.0,1.0,0.0,0.0
17.0,0.16086805713036154,0.634,0.6881093830669315,-0.9448279734745828,333.0,20.901333333333334,57.0,16.0,2.0,1.0,0.0,0.0,0.0,0.0,0.0,0.0
18.0,0.13993945701661642,0.9630000000000001,0.7245509028585654,0.325459220926954,223.0,16.654,47.0,15.0,6.0,3.0,1.0,0.0,0.0,0.0,0.0,0.0
19.0,0.18674366582381768,0.876,0.21453157368525438,-0.9897093143427611,187.0,18.231,70.0,18.0,8.0,2.0,0.0,0.0,0.0,0.0,0.0,0.0
20.0,0.14277425001456162,0.567201061556815,0.07665391751562797,-1.3155575248542382,190.0,16.05562426140546,50.0,14.0,6.0,1.0,0.0,0.0,0.0,0.0,0.0,0.0
21.0,0.33082341021978584,1.139634536014632,0.8201402449714377,-0.8854410155348234,143.0,16.67666667902092,60.0,20.0,14.0,6.0,3.0,3.0,0.0,0.0,0.0,0.0
22.0,0.12396496662892931,0.569639831073327,1.3559401853160769,0.8509578552701011,243.0,14.68622984474095,46.0,6.0,1.0,0.0,0.0,0.0,0.0,0.0,0.0,0.0
23.0,0.2063277364162466,0.8134700914536069,0.9411638375699274,-0.3889041834556992,171.0,22.006698549538022,66.0,34.0,20.0,11.0,5.0,3.0,1.0,0.0,0.0,0.0
24.0,0.1343293260443706,0.502773190655933,0.7221712448125186,-0.8425971571487838,149.0,9.838651571952697,28.0,6.0,1.0,0.0,0.0,0.0,0.0,0.0,0.0,0.0
25.0,0.13438151619316188,0.738398616425463,0.16575014332923813,-0.4818553446017897,650.0,65.15129777621314,269.0,75.0,15.0,0.0,0.0,0.0,0.0,0.0,0.0,0.0
26.0,0.10371696554335094,0.519,0.8781235495871011,0.2205576581893962,254.0,13.908999999999999,35.0,8.0,2.0,1.0,0.0,0.0,0.0,0.0,0.0,0.0
27.0,0.06381968409100135,0.593,2.1164987661104115,9.43282157575963,233.0,9.986,18.0,2.0,1.0,0.0,0.0,0.0,0.0,0.0,0.0,0.0
28.0,0.23611987478422874,1.1199999999999999,0.7080165506050135,-0.6423739689563974,183.0,15.722000000000001,55.0,18.0,6.0,3.0,0.0,0.0,0.0,0.0,0.0,0.0
29.0,0.12638074638030622,0.933186647650194,2.29953946131271,6.298764909771899,409.0,22.17738504790158,55.0,8.0,4.0,1.0,0.0,0.0,0.0,0.0,0.0,0.0
30.0,0.2343386917496555,0.8471485119166291,0.015004494806680735,-1.3727399848034123,155.0,13.238969358790953,54.0,12.0,2.0,1.0,0.0,0.0,0.0,0.0,0.0,0.0
31.0,0.13801994161356973,0.535921632778139,1.2975623949023598,0.6455795954668031,39.0,2.560138201184787,9.0,2.0,0.0,0.0,0.0,0.0,0.0,0.0,0.0,0.0
32.0,0.1375560925917052,0.802767652561952,1.3443455047699504,1.130400355505528,218.0,13.527454398466734,32.0,10.0,5.0,1.0,1.0,0.0,0.0,0.0,0.0,0.0
33.0,0.20105648876629742,1.034417597057362,0.9163171246519484,-0.12175863021541167,161.0,13.136682806659316,36.0,13.0,6.0,4.0,2.0,2.0,2.0,2.0,1.0,0.0
34.0,0.13388699779401186,0.766409372058688,2.040090664487055,4.875600174003969,135.0,8.560242220998003,31.0,6.0,1.0,1.0,0.0,0.0,0.0,0.0,0.0,0.0
35.0,0.19598386807188134,0.771058792834614,0.62830583728902,-1.1540723935470425,127.0,9.593355351235639,26.0,9.0,2.0,1.0,0.0,0.0,0.0,0.0,0.0,0.0
36.0,0.16531283369946537,0.949678415025733,0.18364105747461323,-0.10265094367664318,95.0,6.763655145912583,22.0,7.0,2.0,1.0,0.0,0.0,0.0,0.0,0.0,0.0
37.0,0.06253246880818604,0.838397841065408,0.07325273146747253,13.90030923136419,508.0,22.412180544963384,38.0,6.0,2.0,2.0,2.0,0.0,0.0,0.0,0.0,0.0
38.0,0.20094862086445497,0.751665041496265,0.16214416961519912,-1.5109135597996903,172.0,13.612227711381724,47.0,14.0,4.0,1.0,0.0,0.0,0.0,0.0,0.0,0.0
39.0,0.09413759043585875,0.76729252305425,0.3765098276799992,1.3602195885374408,294.0,15.990319784039938,34.0,7.0,6.0,3.0,1.0,0.0,0.0,0.0,0.0,0.0
40.0,0.14813657618163079,0.548813497248191,0.83282586030298,-0.8103652909693158,182.0,9.369050865879416,17.0,3.0,1.0,1.0,0.0,0.0,0.0,0.0,0.0,0.0
41.0,0.15836066896216283,0.9409052524775829,1.4516914925077034,3.210923251852572,145.0,17.149241383273733,63.0,30.0,12.0,3.0,0.0,0.0,0.0,0.0,0.0,0.0
42.0,0.16167982275253387,0.89352337187069,0.9426976102748468,0.7194252657547047,154.0,17.718781693833748,58.0,31.0,11.0,5.0,1.0,1.0,0.0,0.0,0.0,0.0
43.0,0.14205564325099662,0.7690058603248839,0.22845378072807332,0.36815148861701674,76.0,7.285418553761376,27.0,8.0,4.0,2.0,1.0,0.0,0.0,0.0,0.0,0.0
44.0,0.16296071068615475,0.966397342362381,1.3951514614611982,2.0685569418917455,247.0,23.378668715727645,95.0,22.0,6.0,1.0,0.0,0.0,0.0,0.0,0.0,0.0
45.0,0.1671185714630019,0.967723596976244,1.2360163725620343,1.66653915421925,154.0,18.516319193017203,71.0,28.0,12.0,4.0,3.0,2.0,2.0,1.0,0.0,0.0
46.0,0.14641442114417652,0.977359159805903,2.1386929986196392,6.9941972783703275,116.0,12.979212663615021,48.0,16.0,7.0,4.0,3.0,2.0,0.0,0.0,0.0,0.0
47.0,0.08587099108070086,0.8489205269711879,1.8449902028093854,9.946151403126295,451.0,24.979549997766533,65.0,11.0,2.0,1.0,0.0,0.0,0.0,0.0,0.0,0.0
48.0,0.20644105290582548,1.030873664658994,0.8151344979514453,0.10252423920434639,136.0,15.442128502113047,55.0,18.0,11.0,5.0,3.0,0.0,0.0,0.0,0.0,0.0
49.0,0.226485378091916,0.864460217534506,1.0532805167990527,-0.10193303328603553,147.0,15.83099841272277,67.0,20.0,8.0,3.0,0.0,0.0,0.0,0.0,0.0,0.0
50.0,0.18720224159551047,0.7511547832871379,0.8492962261864773,-0.11868358390682188,42.0,4.2803074068143365,13.0,5.0,3.0,3.0,0.0,0.0,0.0,0.0,0.0,0.0
51.0,0.12346668391865107,0.62913532601455,0.8847641898778674,0.765895128103887,73.0,5.896480561619093,22.0,6.0,1.0,0.0,0.0,0.0,0.0,0.0,0.0,0.0
52.0,0.22171475239397442,0.998898285520428,0.6265680963686462,-0.2988712084812617,172.0,17.526491383293457,57.0,20.0,13.0,6.0,4.0,0.0,0.0,0.0,0.0,0.0
53.0,0.16259299797633375,0.948072207956139,1.7219449870377945,2.75209628615992,189.0,14.59399059455533,47.0,13.0,3.0,2.0,1.0,0.0,0.0,0.0,0.0,0.0
54.0,0.14928206783840006,0.602929047250605,0.6673173032320995,-0.5652670303376972,115.0,10.757815892572612,35.0,14.0,5.0,2.0,0.0,0.0,0.0,0.0,0.0,0.0
55.0,0.12628904087714266,0.6340051236576749,1.4581903571294168,1.971206795052404,121.0,8.292322394754429,29.0,2.0,1.0,0.0,0.0,0.0,0.0,0.0,0.0,0.0
56.0,0.09489966030314852,0.595367254788001,0.36054934678861805,-0.241834600493132,466.0,23.73485833114021,56.0,8.0,2.0,0.0,0.0,0.0,0.0,0.0,0.0,0.0
57.0,0.1568414240842265,0.679018244956927,0.07953041483135925,-0.5705397252571931,150.0,12.297210312875327,45.0,13.0,2.0,0.0,0.0,0.0,0.0,0.0,0.0,0.0
58.0,0.08459582414956664,0.523,0.8609612188608249,1.032746747964532,535.0,33.852000000000004,102.0,15.0,3.0,1.0,0.0,0.0,0.0,0.0,0.0,0.0
59.0,0.12360490510720225,0.663,0.8567792302628551,0.25921061547892466,188.0,13.928000000000003,61.0,10.0,4.0,0.0,0.0,0.0,0.0,0.0,0.0,0.0
60.0,0.10683242188217759,0.459,0.72209283128999,-0.6961548238878481,257.0,15.523000000000003,55.0,5.0,0.0,0.0,0.0,0.0,0.0,0.0,0.0,0.0
61.0,0.08649517048409497,0.44699999999999995,1.0511139009138726,0.5666483253450343,238.0,14.753000000000002,53.0,2.0,0.0,0.0,0.0,0.0,0.0,0.0,0.0,0.0
62.0,0.16234689840774544,0.6081333489920958,0.504483970645475,-1.0988139002726505,135.0,10.638779138751929,44.0,12.0,2.0,1.0,0.0,0.0,0.0,0.0,0.0,0.0
63.0,0.16838049244360354,0.704821958562485,0.9104300651079883,-0.32214092262899685,67.0,5.285072468463691,17.0,6.0,2.0,1.0,0.0,0.0,0.0,0.0,0.0,0.0
64.0,0.170603381051727,0.581642142429545,0.09178851619395985,-1.5170941570473109,71.0,4.9527697521362395,16.0,6.0,1.0,0.0,0.0,0.0,0.0,0.0,0.0,0.0
65.0,0.1451044647045428,0.681747563256036,0.9438924397818319,1.7847618784240629,39.0,4.006661945847699,17.0,5.0,2.0,1.0,0.0,0.0,0.0,0.0,0.0,0.0
66.0,0.138442488298142,0.798315267163323,0.9804569856606283,1.557913591919096,134.0,10.400876176847976,32.0,9.0,5.0,3.0,2.0,0.0,0.0,0.0,0.0,0.0
67.0,0.1593654269070042,1.176171032081431,0.800680182935639,4.4824729454081265,102.0,10.221715642263641,36.0,12.0,4.0,3.0,2.0,2.0,1.0,1.0,0.0,0.0
68.0,0.16896864541836285,0.81,0.794406051799992,-0.6825258351561025,535.0,39.454,127.0,34.0,12.0,5.0,2.0,0.0,0.0,0.0,0.0,0.0
69.0,0.17597078059340343,0.831,1.533005620282209,1.1718091728832776,332.0,22.504866666666665,72.0,15.0,5.0,2.0,1.0,0.0,0.0,0.0,0.0,0.0
70.0,0.2559770019531827,1.294,0.7162848239291046,-0.519627935409086,257.0,28.296,84.0,40.0,16.0,9.0,7.0,5.0,4.0,3.0,2.0,2.0
71.0,0.15377254510084923,0.57,0.6450150203114832,-0.8692957002648831,223.0,19.919,71.0,23.0,6.0,0.0,0.0,0.0,0.0,0.0,0.0,0.0
72.0,0.1602229021861839,0.615,1.1306483935746703,-0.0014920745901414456,170.0,12.581,42.0,11.0,2.0,1.0,0.0,0.0,0.0,0.0,0.0,0.0
73.0,0.1094479409106435,1.3127680956018861,1.0158151568719325,7.250513962205404,652.0,40.61571378198913,118.0,22.0,9.0,6.0,2.0,1.0,0.0,0.0,0.0,0.0
74.0,0.31035642078558845,1.284856508283101,0.11629426274600142,-1.2860345296149276,235.0,29.83959554113692,114.0,45.0,23.0,10.0,1.0,0.0,0.0,0.0,0.0,0.0
75.0,0.1695016815566771,0.816146906406543,1.3666809541345681,1.4958126028722503,136.0,11.740389104467315,31.0,15.0,7.0,3.0,2.0,0.0,0.0,0.0,0.0,0.0
76.0,0.2645804475112373,1.033869575372662,0.5790855179316374,-1.0293332371360466,248.0,22.861362480975234,83.0,31.0,11.0,6.0,0.0,0.0,0.0,0.0,0.0,0.0
77.0,0.1149318233655752,0.487715003765512,1.1435068883802428,0.17218535588492534,129.0,7.005290663911208,18.0,2.0,0.0,0.0,0.0,0.0,0.0,0.0,0.0,0.0
78.0,0.09645572242589737,0.9817560259134679,1.9819045866906813,11.752534850871875,414.0,23.902436394737624,73.0,12.0,5.0,2.0,1.0,0.0,0.0,0.0,0.0,0.0
79.0,0.1717147465896496,0.7890414992476069,0.8264901701912516,-0.15024818535242446,138.0,11.146761449830784,39.0,15.0,3.0,0.0,0.0,0.0,0.0,0.0,0.0,0.0
80.0,0.13097656793682186,0.857356406745976,1.2925150872295008,2.491734308323996,390.0,23.193066200619892,68.0,15.0,2.0,1.0,0.0,0.0,0.0,0.0,0.0,0.0
81.0,0.12971442921583973,0.6716551634407699,0.05859259968079702,-1.1191916507620607,306.0,19.247209449785718,56.0,12.0,3.0,2.0,1.0,0.0,0.0,0.0,0.0,0.0
82.0,0.12616664390004453,0.744486863986738,1.5076832624783694,2.123233322861882,227.0,11.679304945615426,26.0,9.0,3.0,1.0,0.0,0.0,0.0,0.0,0.0,0.0
83.0,0.39883486163254134,1.2466399675831301,0.10266920757608954,-1.7194469777448196,496.0,56.84127478540502,211.0,76.0,30.0,11.0,5.0,4.0,3.0,2.0,1.0,1.0
84.0,0.24970336136856494,1.003866089962237,1.3320445320207654,0.7220560359378854,60.0,7.38283095219751,28.0,8.0,4.0,4.0,1.0,1.0,1.0,0.0,0.0,0.0
85.0,0.22107504016828486,4.518658,5.179253931947397,48.436044653587665,22215.0,3071.9235980000003,11542.0,5045.0,2039.0,903.0,433.0,223.0,120.0,67.0,40.0,26.0
86.0,0.39123454564457844,5.729333,0.8120309578966771,6.909861169060235,22215.0,4055.321362,14014.0,7688.0,3919.0,1969.0,1015.0,537.0,304.0,162.0,111.0,75.0
87.0,0.2648390031378365,5.150015,1.1087876718490426,10.167393091813958,18380.0,3214.5162,11318.0,5964.0,2993.0,1515.0,789.0,424.0,222.0,131.0,86.0,49.0
88.0,0.2604340662140643,3.566485,0.4725655492381665,1.5882683262293855,13306.0,2473.805307,8540.0,4711.0,2521.0,1298.0,647.0,371.0,185.0,110.0,68.0,32.0
89.0,0.1668762855469068,5.9758949999999995,0.7461969319314714,37.08732994852774,18380.0,3034.03907,10999.0,5573.0,2583.0,1193.0,643.0,330.0,179.0,96.0,51.0,23.0
90.0,0.5572052867097175,5.07289967679475,0.3437611145925347,0.6054596926296294,24484.0,14275.16675711993,21779.0,19089.0,16531.0,14071.0,11902.0,9928.0,8127.0,6563.0,5243.0,4129.0
91.0,0.5907836696366835,6.4988746948879905,0.4597390151809883,0.7393435156757517,43628.0,27744.827703547417,39027.0,34556.0,30469.0,26505.0,22768.0,19361.0,16242.0,13433.0,11103.0,9078.0
92.0,0.6496378038700354,6.37643653583258,0.3357663293343973,0.41832535634781154,30299.0,20641.191691955286,27400.0,24527.0,21759.0,19151.0,16694.0,14329.0,12279.0,10318.0,8668.0,7168.0
93.0,0.579197354155434,5.5676819732097,0.3246174782407763,0.5663130289048688,24484.0,15380.11111316615,21930.0,19489.0,17067.0,14747.0,12635.0,10700.0,8996.0,7441.0,6060.0,4953.0
94.0,0.5668521885271102,6.1035640953855,0.37362535426853216,0.5525095095359882,43628.0,26527.124640907306,38995.0,34461.0,30052.0,25764.0,21856.0,18465.0,15357.0,12581.0,10266.0,8222.0
95.0,0.5821556770836089,5.36322273967785,0.4012966072077643,0.5202735683571795,43628.0,27424.210829261643,39081.0,34628.0,30368.0,26387.0,22555.0,19156.0,16024.0,13270.0,10835.0,8857.0
96.0,0.26120943159688464,4.731546,4.277277783810186,28.268897260202227,22215.0,3241.299459,12071.0,5362.0,2304.0,1105.0,565.0,299.0,178.0,104.0,69.0,40.0
97.0,0.29833099978296235,3.8816889999999997,3.048416609279296,15.946902892266456,22215.0,4517.300139,15184.0,9406.0,5140.0,2625.0,1211.0,546.0,221.0,105.0,60.0,35.0
98.0,0.28802258323010993,2.9332960000000003,0.3793114814518386,0.24367850516366785,8181.0,1437.0651400000002,5112.0,2747.0,1331.0,645.0,338.0,184.0,91.0,50.0,24.0,17.0
99.0,0.1791580171353732,2.8565769999999997,0.1374598898834395,2.750857617091163,13934.0,2241.290605,8222.0,4113.0,1876.0,868.0,414.0,207.0,115.0,66.0,41.0,24.0
100.0,0.27606707571185574,3.0042210000000003,0.9907150098485143,0.9990407897790727,19871.0,3236.097825,11844.0,6042.0,2821.0,1270.0,601.0,279.0,131.0,58.0,33.0,19.0
101.0,0.28031713234742717,3.027251,0.8743306252743384,0.9684836826665197,7024.0,1211.088065,4409.0,2330.0,1107.0,514.0,224.0,106.0,52.0,28.0,18.0,11.0
102.0,0.2554457560213572,2.832792,0.9237958586317431,1.3896583063702193,22215.0,3344.5636849999996,12812.0,6079.0,2521.0,993.0,405.0,186.0,88.0,43.0,27.0,17.0
103.0,0.28914176208859077,2.643771,0.5650710003944966,-0.08553546423065272,18380.0,2811.351213,10573.0,5100.0,2176.0,879.0,381.0,170.0,83.0,53.0,36.0,28.0
104.0,0.3347668591260839,5.99333,0.03131897889753226,1.0550164088785206,41831.0,15085.768363708401,34300.0,27288.0,20886.0,15463.0,11087.0,7624.0,5056.0,3330.0,2124.0,1306.0
105.0,0.2719752062357364,3.249,0.9681137077139687,2.4184749600683406,3775.0,911.3,2758.0,1877.0,1160.0,649.0,369.0,213.0,106.0,64.0,34.0,17.0
106.0,0.39367375037771324,3.5010000000000003,0.41480340065329147,-0.29294246252996947,3775.0,856.576,2670.0,1696.0,996.0,584.0,334.0,199.0,127.0,80.0,50.0,29.0
107.0,0.24014163734308636,2.616,0.13958513216232013,2.099078955980139,2205.0,557.83,1680.0,1147.0,739.0,453.0,237.0,119.0,56.0,29.0,18.0,11.0
108.0,0.2747050702744214,3.098,1.852475704510551,6.519495448271474,1945.0,481.289,1345.0,860.0,529.0,316.0,230.0,168.0,115.0,89.0,71.0,49.0
109.0,0.30077705537188687,3.87,1.2602269974796634,4.787752554805211,5619.0,1584.951,4230.0,2998.0,2025.0,1313.0,810.0,526.0,347.0,231.0,172.0,139.0
110.0,0.2548437208458731,2.0869999999999997,0.7604023582841427,2.1262558835747654,3249.0,861.016,2422.0,1707.0,1137.0,734.0,439.0,243.0,139.0,87.0,57.0,27.0
111.0,0.2916787100430257,2.742,1.0942386352940898,3.6220891327357156,1956.0,549.09,1459.0,1081.0,714.0,456.0,274.0,177.0,123.0,79.0,57.0,40.0
112.0,0.5370649590714932,2.7910000000000004,0.6102251616511795,-0.39258899342603026,1945.0,598.988,1515.0,1111.0,783.0,541.0,377.0,246.0,153.0,106.0,69.0,47.0
113.0,0.4017122333949658,5.525,0.16951181884386973,0.560735875120657,4858.0,1256.435,3626.0,2515.0,1632.0,989.0,563.0,338.0,194.0,122.0,83.0,57.0
114.0,0.24521312794043937,4.843,0.15482706488629477,12.335538002208853,4674.0,1184.13,3479.0,2439.0,1543.0,914.0,478.0,270.0,150.0,95.0,66.0,41.0
115.0,0.2473254962294276,2.59,0.8255359025387432,3.049266742894744,4429.0,1144.036,3335.0,2305.0,1510.0,925.0,513.0,295.0,164.0,92.0,54.0,40.0
116.0,0.20981289335283052,2.451,0.19510766929894757,3.264808474116462,2205.0,447.446,1511.0,939.0,514.0,253.0,106.0,48.0,25.0,8.0,6.0,4.0
117.0,0.22028163121037816,2.5140000000000002,0.48063815885914263,2.422531728670523,2037.0,451.615,1429.0,915.0,534.0,314.0,161.0,86.0,45.0,30.0,17.0,10.0
118.0,0.22186166095117665,2.465,0.7419574553995234,2.854566208672671,3249.0,761.4010000000001,2326.0,1568.0,966.0,548.0,274.0,149.0,82.0,47.0,36.0,18.0
119.0,0.24176176021406645,4.404,1.2266215708229349,14.631707684684773,2205.0,550.539,1663.0,1151.0,701.0,397.0,229.0,110.0,60.0,31.0,21.0,12.0
120.0,0.21222052740223024,2.583,0.8668477077272366,3.71607128059681,4429.0,1000.7280000000001,3177.0,2110.0,1254.0,658.0,336.0,148.0,69.0,38.0,25.0,18.0
121.0,0.2393866250841954,1.853,0.6139346662826426,1.201072365468451,1865.0,390.574,1309.0,831.0,460.0,230.0,108.0,47.0,16.0,9.0,4.0,2.0
122.0,0.23957824470217798,3.02,0.3816111806180948,7.442706049135468,870.0,198.268,629.0,409.0,234.0,128.0,71.0,35.0,19.0,10.0,8.0,3.0
123.0,0.3335889886249082,5.548,0.4071321919435,4.3082634675080325,3775.0,1205.5,3019.0,2269.0,1638.0,1180.0,778.0,500.0,298.0,185.0,116.0,72.0
124.0,0.2108164834725546,2.597,0.10331435915285847,2.8404656889238566,2205.0,486.85999999999996,1576.0,1059.0,623.0,314.0,142.0,59.0,24.0,18.0,9.0,4.0
125.0,0.21837990841141772,2.3440000000000003,0.5516258029102162,1.9105143797194986,3012.0,666.276,2167.0,1400.0,773.0,404.0,220.0,104.0,55.0,34.0,21.0,9.0
126.0,0.16872099122066542,2.46,0.6370907117617702,4.072129668254167,5619.0,988.7569999999998,3577.0,1953.0,910.0,418.0,177.0,79.0,46.0,29.0,19.0,11.0
127.0,0.1611680130468629,1.5510000000000002,0.576289474287688,1.798462671704061,3291.0,571.808,2068.0,1164.0,572.0,217.0,85.0,31.0,19.0,7.0,3.0,1.0
128.0,0.1623172034740192,2.192,0.520957660662449,3.0966746818187674,3249.0,567.711,2054.0,1144.0,550.0,239.0,101.0,35.0,15.0,9.0,7.0,5.0
129.0,0.1715141447143794,2.5890000000000004,0.04407976878764816,4.9859655410158625,2205.0,390.355,1462.0,786.0,353.0,134.0,49.0,23.0,10.0,9.0,4.0,4.0
130.0,0.16777386144226308,3.2809999999999997,0.03641425498847791,8.974485439962713,4674.0,819.329,2969.0,1610.0,742.0,304.0,127.0,74.0,43.0,28.0,21.0,13.0
131.0,0.16274171690618863,2.5330000000000004,0.5627483765443443,4.060541965548008,3560.0,612.201,2252.0,1248.0,561.0,210.0,89.0,33.0,16.0,6.0,5.0,4.0
132.0,0.5796096168740759,3.669,0.8885638223676966,0.375039541627483,3012.0,644.799,2100.0,1314.0,782.0,410.0,199.0,95.0,47.0,21.0,14.0,10.0
133.0,0.23616109025100282,3.1390000000000002,0.8139855070128424,2.67500136639258,3775.0,803.847,2630.0,1648.0,947.0,503.0,241.0,130.0,69.0,39.0,16.0,7.0
134.0,0.5057515352312091,2.495,1.020923323581078,-0.3156863192125461,1945.0,389.372,1341.0,806.0,435.0,206.0,99.0,45.0,25.0,11.0,8.0,6.0
135.0,0.15592946580420605,2.302,0.6479380024237832,4.747615777972519,4674.0,790.1,2961.0,1623.0,701.0,244.0,90.0,30.0,15.0,10.0,6.0,3.0
136.0,0.43349272410062506,6.336,0.44168056286408786,0.5538317088505282,5619.0,1393.951,4147.0,2804.0,1791.0,1057.0,599.0,319.0,176.0,94.0,65.0,51.0
137.0,0.2702786445603805,3.2720000000000002,0.6896380906815619,4.320826654685599,2205.0,589.337,1666.0,1180.0,756.0,443.0,276.0,159.0,100.0,72.0,54.0,37.0
138.0,0.4687191426707011,3.527,0.7885850451985195,0.6290606014678768,1945.0,644.23,1552.0,1184.0,857.0,601.0,397.0,260.0,181.0,118.0,86.0,64.0
139.0,0.37590388872673647,6.833,2.5267489148124778,12.94156288890062,4674.0,1194.9920000000002,3508.0,2460.0,1611.0,952.0,508.0,279.0,132.0,64.0,33.0,27.0
140.0,0.3575268871122739,3.537,2.140247114435181,8.677076561628894,3012.0,812.8720000000001,2295.0,1674.0,1107.0,701.0,409.0,210.0,117.0,58.0,32.0,20.0
141.0,0.4127869020727212,3.0940000000000003,1.0409818866899694,1.4094368585147286,3256.0,781.191,2344.0,1557.0,952.0,589.0,361.0,183.0,101.0,55.0,34.0,22.0
142.0,0.20076547751838658,3.871,0.7344965517162849,7.892502266669554,5619.0,1203.905,3923.0,2511.0,1438.0,738.0,348.0,148.0,83.0,46.0,26.0,17.0
143.0,0.2129749515843684,2.37,0.23743691742348388,1.6702629825119155,3012.0,667.096,2153.0,1405.0,804.0,427.0,208.0,98.0,52.0,21.0,16.0,11.0
144.0,0.2750392758047181,4.443,3.6869747809697166,32.1650451467095,5619.0,973.19,3410.0,1766.0,834.0,379.0,218.0,147.0,104.0,75.0,53.0,38.0
145.0,0.17309226453521104,2.42,0.2360016681484448,6.236862562171828,2205.0,366.42199999999997,1342.0,676.0,317.0,128.0,64.0,38.0,24.0,11.0,8.0,5.0
146.0,0.2926208752049021,3.367,3.302869895738502,19.637588105056498,2037.0,368.928,1259.0,673.0,337.0,172.0,108.0,72.0,41.0,23.0,16.0,12.0
147.0,0.1682988518253872,2.612,1.02824838229831,9.20094458189472,4858.0,793.553,2866.0,1439.0,670.0,270.0,136.0,85.0,58.0,41.0,26.0,20.0
148.0,0.1955331216216241,3.923,1.4370064373526459,28.41536503489138,4674.0,779.2370000000001,2781.0,1411.0,617.0,271.0,152.0,96.0,67.0,54.0,40.0,33.0
149.0,0.515967777324429,2.88,0.2683862739921114,-1.358786094048054,3012.0,598.216,2011.0,1193.0,626.0,309.0,171.0,103.0,58.0,29.0,22.0,11.0
150.0,0.27221024593127774,2.849,0.4360753603029653,2.558199472793791,2205.0,608.26,1688.0,1223.0,807.0,511.0,303.0,182.0,114.0,70.0,35.0,25.0
151.0,0.475153921170305,2.7030000000000003,0.5781067963788358,-0.04450450469349132,1945.0,680.283,1582.0,1206.0,922.0,661.0,457.0,328.0,225.0,139.0,104.0,75.0
152.0,0.2689337260047179,4.670999999999999,0.22780933338807877,7.103348239351818,4674.0,1288.015,3530.0,2545.0,1712.0,1093.0,677.0,399.0,216.0,122.0,89.0,61.0
153.0,0.2623234361161539,2.7359999999999998,0.7848950957030186,2.5797420575788506,4429.0,1206.576,3360.0,2412.0,1644.0,1044.0,600.0,353.0,203.0,111.0,70.0,35.0
154.0,0.2619305892737992,3.4459999999999997,0.38246261761095995,1.8866900658628292,5619.0,1462.092,4245.0,2964.0,1935.0,1152.0,654.0,380.0,221.0,115.0,72.0,46.0
155.0,0.2363168827780631,1.8170000000000002,0.5136932253293837,1.0695181476275883,3249.0,825.24,2442.0,1698.0,1095.0,678.0,385.0,186.0,88.0,55.0,27.0,18.0
156.0,0.2836052947573841,2.875,0.047022197176798286,3.2078638787621245,870.0,256.115,679.0,494.0,354.0,239.0,144.0,84.0,57.0,34.0,19.0,16.0
157.0,0.2646218916386832,2.899,0.5520207717561645,1.6445821998847339,3249.0,922.824,2515.0,1836.0,1233.0,801.0,506.0,316.0,183.0,105.0,65.0,42.0
158.0,0.4863450259245379,3.1559999999999997,0.6391069248320085,-0.24797331654819166,1945.0,634.531,1579.0,1175.0,844.0,583.0,400.0,269.0,182.0,129.0,89.0,58.0
159.0,0.3373067666357804,4.0440000000000005,0.6254193831363277,8.851340391425799,3865.0,1190.467,3001.0,2246.0,1592.0,1090.0,720.0,466.0,291.0,188.0,125.0,90.0
160.0,0.2474080730696679,3.508,0.8314172980951139,4.306684879317022,5619.0,1462.326,4169.0,2921.0,1888.0,1196.0,695.0,393.0,215.0,131.0,83.0,63.0
161.0,0.24223088456848282,2.733,0.49691476475479573,1.9598573979621223,3865.0,1022.325,2952.0,2103.0,1380.0,823.0,470.0,273.0,149.0,84.0,57.0,30.0
162.0,0.25369248487867724,3.125,0.47434019646800374,3.105988082211203,3012.0,808.807,2273.0,1614.0,1101.0,673.0,390.0,231.0,129.0,75.0,43.0,24.0
163.0,0.25575549106765766,3.725,1.0874017816330839,4.973230873761452,5619.0,1472.8329999999999,4267.0,2945.0,1886.0,1159.0,648.0,391.0,237.0,148.0,97.0,69.0
164.0,0.2586198081494718,3.0860000000000003,0.5516585783419675,3.4843192538465226,2205.0,572.6030000000001,1668.0,1152.0,763.0,461.0,257.0,145.0,75.0,43.0,27.0,16.0
165.0,0.24572730183383865,5.71,1.1060575987747605,13.838868966600856,4674.0,1141.041,3401.0,2313.0,1422.0,827.0,457.0,246.0,152.0,89.0,62.0,49.0
166.0,0.35672112668771605,3.11,0.6151577700844598,0.3938740051350451,2037.0,544.701,1541.0,1116.0,742.0,446.0,249.0,141.0,87.0,51.0,29.0,23.0
167.0,0.3302503695526859,2.659,0.5258406017077125,0.5631770096431312,870.0,237.129,673.0,490.0,324.0,206.0,126.0,68.0,37.0,15.0,9.0,4.0
168.0,0.21077147852792497,2.577,0.3443720523023355,1.7742987855060894,4674.0,1068.0710000000001,3353.0,2225.0,1364.0,742.0,371.0,169.0,81.0,41.0,24.0,17.0
169.0,0.20675138088139072,2.508,0.36137757757218136,1.6024245866741587,3249.0,724.695,2324.0,1555.0,896.0,463.0,223.0,115.0,57.0,29.0,16.0,7.0
170.0,0.3547746789262732,3.533,1.5859791832368815,7.741968413138681,1945.0,524.7520000000001,1450.0,1013.0,653.0,412.0,245.0,170.0,99.0,78.0,59.0,40.0
171.0,0.21982029203213732,3.692,0.8553469008236142,4.320827452396943,4674.0,1047.354,3309.0,2186.0,1317.0,699.0,337.0,158.0,80.0,50.0,34.0,23.0
172.0,0.2572738308367912,3.292,0.08498275651322656,8.448759073889576,870.0,210.394,631.0,425.0,270.0,165.0,85.0,46.0,21.0,11.0,7.0,6.0
173.0,0.20193399471379267,2.8970000000000002,0.13960725480375566,1.6330187043023487,4674.0,1066.185,3347.0,2239.0,1370.0,774.0,368.0,148.0,60.0,28.0,14.0,11.0
174.0,0.18908260095952856,2.191,0.407440893033329,3.0677348479899176,3256.0,664.383,2251.0,1409.0,751.0,358.0,166.0,77.0,36.0,21.0,14.0,7.0
175.0,0.2027376309568576,2.155,0.5737567192738959,3.150270458376121,1956.0,413.182,1337.0,843.0,498.0,261.0,132.0,59.0,30.0,16.0,9.0,4.0
176.0,0.5288881293674543,2.9829999999999997,0.7554254391103101,-0.6708349528921933,1945.0,470.097,1432.0,939.0,577.0,353.0,205.0,109.0,68.0,40.0,23.0,14.0
177.0,0.22190680401840918,4.432,0.4756152110430533,17.74105476319415,1385.0,300.288,933.0,592.0,337.0,187.0,112.0,65.0,36.0,15.0,10.0,8.0
178.0,0.19393591055285112,4.182,1.286509938726577,20.6973377860334,4674.0,962.6289999999999,3208.0,1954.0,1109.0,559.0,265.0,126.0,60.0,32.0,20.0,14.0
179.0,0.19816591296022076,1.948,0.2657530830585109,0.9467081062738383,3291.0,721.396,2367.0,1529.0,886.0,465.0,234.0,84.0,31.0,15.0,6.0,2.0
180.0,0.25175820847227187,2.308,0.11588705858017803,0.5399332177682044,2205.0,510.528,1623.0,1062.0,653.0,380.0,176.0,79.0,32.0,18.0,12.0,4.0
181.0,0.29583592826028954,2.7809999999999997,1.0037670083891914,1.9659669499339891,3012.0,694.553,2189.0,1424.0,864.0,481.0,245.0,124.0,79.0,46.0,25.0,11.0
182.0,0.1732044548638936,1.8409999999999997,0.36891652156632365,2.493037699722922,1945.0,357.025,1253.0,723.0,370.0,174.0,71.0,25.0,13.0,8.0,5.0,4.0
183.0,0.20492547241039633,2.893,0.3449181332239226,2.4798590235900764,3249.0,735.674,2335.0,1577.0,940.0,502.0,243.0,102.0,39.0,18.0,13.0,10.0
184.0,0.20925541482047103,1.693,0.14994126114153536,0.6402297839433913,1956.0,448.22300000000007,1435.0,966.0,559.0,306.0,143.0,57.0,31.0,17.0,7.0,4.0
185.0,0.21515460580538862,2.012,0.21043269986541685,0.9613811338575156,1945.0,456.011,1439.0,975.0,590.0,327.0,152.0,69.0,40.0,22.0,12.0,7.0
186.0,0.34210477663796063,2.6820000000000004,0.34231046810136007,0.9849965266162681,1488.0,360.74199999999996,1105.0,735.0,457.0,287.0,143.0,78.0,35.0,16.0,7.0,6.0
187.0,0.4384883958159558,6.537,0.7034399641188707,2.547574939107567,4858.0,1121.7559999999999,3490.0,2312.0,1383.0,777.0,387.0,189.0,100.0,67.0,43.0,30.0
188.0,0.1896455451042953,2.3649999999999998,0.33928539885686954,4.916670702868938,1385.0,272.77,921.0,559.0,305.0,139.0,63.0,33.0,18.0,11.0,8.0,6.0
189.0,0.36348815728332645,6.83255,0.31567163943647153,1.2484313540251435,41831.0,16393.8306845528,34945.0,28342.0,22339.0,17187.0,12709.0,9156.0,6458.0,4486.0,2940.0,1924.0
190.0,0.2909464902690628,7.051399999999999,0.1273408825614965,3.1484320038483276,41831.0,12867.857278597,33115.0,24876.0,17841.0,12217.0,8048.0,5060.0,3084.0,1800.0,1043.0,598.0
191.0,0.3397044867845471,6.8684899999999995,0.1258756715274246,1.3706518479010432,41831.0,15179.322213757165,34346.0,27354.0,21094.0,15630.0,11208.0,7765.0,5191.0,3389.0,2119.0,1318.0
192.0,0.3999117137117358,6.713520000000001,0.17574208935983673,1.1607416964886004,23099.0,9934.9220715706,19689.0,16264.0,13215.0,10519.0,8002.0,6065.0,4454.0,3240.0,2260.0,1502.0
193.0,0.3228356410832248,4.3131699999999995,0.11780524613838637,1.0356900972692134,23099.0,7910.5412336044,18644.0,14590.0,11033.0,8034.0,5650.0,3767.0,2452.0,1497.0,921.0,569.0
194.0,0.14613187726274662,1.143348628134512,0.9808623039505415,6.201185015356151,250.0,19.213561158241244,63.0,14.0,5.0,2.0,1.0,0.0,0.0,0.0,0.0,0.0
195.0,0.37642580564125416,1.194401677502998,0.39196631820681566,-1.5590388296950257,142.0,18.59927781227994,72.0,30.0,12.0,9.0,3.0,1.0,1.0,0.0,0.0,0.0
196.0,0.21688888647845342,0.990349829966281,0.828772160811945,-0.6904231329201282,200.0,15.04526023214823,53.0,7.0,3.0,3.0,0.0,0.0,0.0,0.0,0.0,0.0
197.0,0.22162807556012218,0.905003486064253,1.0608380626704215,-0.21774004964139682,84.0,9.013958454630757,28.0,8.0,6.0,4.0,3.0,2.0,2.0,1.0,0.0,0.0
198.0,0.26662245097675213,1.424335243860936,0.37714802792988444,-0.002782958902284527,173.0,15.99500409978088,46.0,19.0,11.0,7.0,3.0,2.0,2.0,2.0,2.0,0.0
199.0,0.24133714511476964,0.763274944244407,0.5885730751326775,-1.3262345910576878,77.0,8.693806962402883,28.0,12.0,6.0,5.0,1.0,0.0,0.0,0.0,0.0,0.0
200.0,0.20156352533960262,0.803308088994902,0.8533735848235976,-0.7729438783525597,169.0,12.519607023577684,39.0,10.0,2.0,1.0,1.0,0.0,0.0,0.0,0.0,0.0
201.0,0.2111869784418908,1.2434055990848618,2.3795121843295726,5.425972558352048,200.0,14.963034478826602,46.0,10.0,4.0,3.0,2.0,2.0,1.0,0.0,0.0,0.0
202.0,0.0826175059577939,0.49098635251214195,0.8682118902709849,1.613641228611303,155.0,9.687806942005498,34.0,4.0,1.0,0.0,0.0,0.0,0.0,0.0,0.0,0.0
203.0,0.08056959279178146,0.7384258119435869,0.4358958273599287,2.845311677399341,289.0,19.481654289582053,62.0,9.0,4.0,1.0,1.0,0.0,0.0,0.0,0.0,0.0
204.0,0.07397538942939093,0.437608924620231,0.2755573803124065,0.7748182535215151,212.0,12.48229870458324,37.0,5.0,0.0,0.0,0.0,0.0,0.0,0.0,0.0,0.0
205.0,0.2358474582789437,0.9932320671461281,0.12161079796592142,-1.393217977174206,159.0,16.53148098623788,65.0,21.0,5.0,2.0,0.0,0.0,0.0,0.0,0.0,0.0
206.0,0.24810762263667752,0.9474643369214,0.3457588923290389,-1.400751630304387,175.0,13.47310913041965,50.0,12.0,2.0,0.0,0.0,0.0,0.0,0.0,0.0,0.0
207.0,0.1229939137023239,0.571231784859048,0.24381316416012946,-0.2621160887749383,58.0,4.297831512772199,14.0,2.0,0.0,0.0,0.0,0.0,0.0,0.0,0.0,0.0
208.0,0.1188212257109421,0.7521291951525919,0.01782091940704606,-0.06262963550010703,274.0,24.614115278123606,97.0,20.0,4.0,0.0,0.0,0.0,0.0,0.0,0.0,0.0
209.0,0.147486777136504,0.611882737969673,0.4791130793107753,-0.9001206663475525,94.0,8.2433666638325,31.0,5.0,2.0,0.0,0.0,0.0,0.0,0.0,0.0,0.0
210.0,0.12302377464722988,0.600140028624653,0.15010990594124954,-0.48106625597636343,138.0,12.343843491003447,47.0,13.0,2.0,1.0,0.0,0.0,0.0,0.0,0.0,0.0
211.0,0.15915267173509742,0.928728178667807,0.4615941944266313,-0.433052155873054,467.0,35.89142357733657,124.0,32.0,8.0,5.0,1.0,0.0,0.0,0.0,0.0,0.0
212.0,0.11394823520371983,0.534991663785269,0.9012570233249787,-0.3624207796886374,404.0,18.246989729656967,37.0,2.0,0.0,0.0,0.0,0.0,0.0,0.0,0.0,0.0
213.0,0.06822943603471415,0.363442905983349,0.6460531332183342,0.20196163325091865,226.0,11.718181068928548,28.0,4.0,0.0,0.0,0.0,0.0,0.0,0.0,0.0,0.0
214.0,0.1348141123618298,0.568421445401435,0.9027775328919709,-0.24777843058264404,130.0,9.619755670842753,33.0,10.0,3.0,0.0,0.0,0.0,0.0,0.0,0.0,0.0
215.0,0.16182303671526882,0.969813279401124,1.0548526260888322,0.3483013377104358,502.0,33.36191175775453,98.0,21.0,9.0,3.0,0.0,0.0,0.0,0.0,0.0,0.0
216.0,0.400271816544818,1.2710545400360371,0.27169996168171023,-1.5474601513635438,164.0,23.790179462805344,87.0,44.0,20.0,9.0,4.0,0.0,0.0,0.0,0.0,0.0
217.0,0.17644890923244172,0.661313386851271,0.831664572318228,-0.6528505878300543,93.0,6.018519289843223,19.0,1.0,1.0,0.0,0.0,0.0,0.0,0.0,0.0,0.0
218.0,0.21212207657782506,1.455837665349827,1.3902500360353416,2.0068144297911776,182.0,18.73247435175868,63.0,20.0,13.0,7.0,4.0,3.0,2.0,2.0,2.0,1.0
219.0,0.1638058505027099,0.827459050350677,1.7430624562210617,2.7125804385006655,133.0,11.145705422317679,33.0,11.0,5.0,4.0,2.0,0.0,0.0,0.0,0.0,0.0
220.0,0.23139463777757444,1.4746335470962402,0.25850401643914805,-0.7164867470677714,507.0,52.72210501590372,199.0,63.0,21.0,9.0,7.0,4.0,1.0,1.0,0.0,0.0
221.0,0.20596824204995068,0.900464326449085,1.3714266859108921,0.9364943852516099,162.0,16.20335085135661,62.0,23.0,5.0,3.0,0.0,0.0,0.0,0.0,0.0,0.0
222.0,0.1980460927874551,1.08479647341909,1.0749904498471587,1.2126162822640434,183.0,17.844792234516298,59.0,20.0,11.0,6.0,3.0,3.0,2.0,1.0,0.0,0.0
223.0,0.16741468585479222,0.75833315711134,0.5337563665390748,-0.5384235431991065,146.0,14.798729818794282,56.0,17.0,8.0,1.0,0.0,0.0,0.0,0.0,0.0,0.0
224.0,0.18491276127660422,0.7213370590343581,0.46385171061513875,-1.036508427366316,155.0,11.074376295962129,30.0,10.0,4.0,0.0,0.0,0.0,0.0,0.0,0.0,0.0
225.0,0.10634601468498288,0.612683258279606,1.174157552572581,2.43137001096201,151.0,9.92871432701898,39.0,7.0,0.0,0.0,0.0,0.0,0.0,0.0,0.0,0.0
226.0,0.11317835568370659,0.545033486359837,0.4286440603379503,-0.4880454616645351,120.0,7.871567004311124,24.0,7.0,1.0,0.0,0.0,0.0,0.0,0.0,0.0,0.0
227.0,0.23926576500062616,0.866590486476271,0.2543779974090128,-1.3950937833313286,185.0,24.01268849805298,88.0,37.0,19.0,10.0,4.0,1.0,0.0,0.0,0.0,0.0
228.0,0.5837389194037951,2.518728802321072,0.4365390177102558,-0.5680483099656715,93.0,35.62122783460169,77.0,63.0,48.0,32.0,24.0,19.0,13.0,11.0,9.0,7.0
229.0,0.23148091835053014,0.837017576227915,0.2824932657138101,-1.558468627363832,178.0,15.205609268365487,47.0,16.0,4.0,3.0,1.0,0.0,0.0,0.0,0.0,0.0
230.0,0.2665781394485209,1.058032121371415,1.824426691798946,1.974451942405341,172.0,14.727383933675954,49.0,14.0,7.0,3.0,2.0,2.0,0.0,0.0,0.0,0.0
231.0,0.37482506145104877,1.612501524319443,0.4262257440796038,-1.4366944721584818,487.0,62.685470532636685,227.0,94.0,40.0,24.0,11.0,5.0,3.0,2.0,0.0,0.0
232.0,0.20034479094127994,1.271997967340247,2.4433703690769897,6.753311616233333,270.0,28.37357122701246,113.0,35.0,11.0,7.0,4.0,2.0,0.0,0.0,0.0,0.0
233.0,0.15329955001984716,0.7610736465797,0.28520789945896546,-0.6611382029272912,455.0,43.53299364637595,188.0,45.0,5.0,2.0,1.0,1.0,0.0,0.0,0.0,0.0
234.0,0.32768869874908213,5.5262425,0.18631084064833195,5.600469570687364,2576.0,804.0592274800001,2010.0,1505.0,1084.0,732.0,467.0,305.0,199.0,133.0,90.0,64.0
235.0,0.3371316713091139,3.3845833,0.4113500622461853,3.106876934207617,1625.0,499.443348778,1262.0,943.0,684.0,458.0,301.0,189.0,116.0,81.0,52.0,29.0
236.0,0.3218291919537162,8.369,1.6519081224691496,33.99169883293908,19332.0,5735.771,14880.0,10813.0,7452.0,5007.0,3296.0,2136.0,1393.0,881.0,589.0,381.0
237.0,0.34247139720321024,10.201,0.46375320422081145,15.88019174301037,13502.0,3865.814,10257.0,7395.0,5024.0,3320.0,2099.0,1319.0,851.0,535.0,338.0,212.0
238.0,0.30192407576533936,9.219,0.5983328354495869,22.67491938228928,13368.0,3972.7889999999998,10336.0,7495.0,5218.0,3455.0,2247.0,1431.0,917.0,587.0,374.0,250.0
239.0,0.3060702342160665,7.106,0.17971249710521509,5.9325693653054685,33211.0,9711.254,25467.0,18577.0,12871.0,8560.0,5532.0,3449.0,2222.0,1391.0,922.0,594.0
240.0,0.3361260621396595,6.375,1.0070211901250916,18.458964749051958,7066.0,2183.857,5461.0,4059.0,2894.0,1955.0,1319.0,878.0,562.0,375.0,238.0,163.0
241.0,0.3151144279571134,6.878,0.2211298056457577,7.533111067363295,24161.0,7211.225,18597.0,13740.0,9602.0,6407.0,4149.0,2618.0,1710.0,1115.0,738.0,485.0
242.0,0.29402222196308553,7.609,0.5528585764046502,6.599031804832485,19017.0,5648.284,14572.0,10699.0,7449.0,4989.0,3278.0,2095.0,1345.0,884.0,568.0,384.0
243.0,0.6154013063125017,11.611,0.44223458704722196,1.6093415749019124,23944.0,7430.138000000001,18897.0,14193.0,10057.0,6866.0,4425.0,2792.0,1738.0,1061.0,662.0,413.0
244.0,0.4106550806473226,10.255,0.5336127985867081,7.260870365200546,23538.0,9956.364,19883.0,16368.0,13212.0,10375.0,7939.0,5990.0,4384.0,3113.0,2196.0,1517.0
245.0,0.38230851329376175,3.5447362,1.5037934300686557,3.540053231343282,2143.0,423.72879568099995,1296.0,663.0,327.0,173.0,121.0,98.0,83.0,69.0,59.0,56.0
246.0,0.41739039892979285,4.1567754,1.4569998457739883,6.211897786491608,2096.0,562.128094722,1372.0,836.0,495.0,324.0,245.0,210.0,189.0,166.0,136.0,121.0
247.0,0.3791683677627754,4.066183,0.5977175259905863,5.100402358342912,1611.0,361.51351029299997,996.0,520.0,299.0,187.0,149.0,122.0,105.0,94.0,83.0,72.0
248.0,0.35325747665374146,4.6533242,0.38189509866057925,2.5456020675361466,2096.0,739.124421956,1694.0,1340.0,1017.0,762.0,526.0,356.0,229.0,147.0,94.0,63.0
249.0,0.3693086169185205,6.6069664,2.862248937693815,32.14018546806039,1611.0,536.4539913839999,1285.0,987.0,726.0,512.0,361.0,228.0,143.0,81.0,55.0,40.0
250.0,0.501399140775273,4.4999212,0.07646524995661151,0.8417453952677096,2096.0,796.263294438,1745.0,1386.0,1082.0,809.0,581.0,407.0,286.0,194.0,123.0,82.0
251.0,0.34528623041386325,4.6144585000000005,0.3965103172663888,3.934167785793215,1961.0,663.581900375,1584.0,1227.0,932.0,671.0,470.0,319.0,196.0,121.0,59.0,34.0
252.0,0.4273689306168823,3.6459259,0.13623478989383203,0.7205882440617981,2300.0,819.0451798940001,1883.0,1472.0,1118.0,820.0,588.0,417.0,274.0,193.0,120.0,73.0
253.0,0.24947230469490217,0.951985750358803,0.7019485247104661,-1.0786677100139372,474.0,38.4660592151294,140.0,28.0,8.0,5.0,4.0,0.0,0.0,0.0,0.0,0.0
254.0,0.1747836973814173,0.819820958763682,1.3895538490068822,1.7436278394934082,148.0,11.846284710752975,39.0,9.0,2.0,1.0,1.0,0.0,0.0,0.0,0.0,0.0
255.0,0.3174836156663197,1.821949837028744,0.04902547216551339,0.6918885188028074,85.0,11.953321542258017,35.0,19.0,10.0,5.0,3.0,2.0,2.0,2.0,2.0,1.0
256.0,0.28752394029044803,1.05709250527794,0.060397814382541194,-1.4881387627681162,89.0,10.883781087345263,42.0,15.0,7.0,2.0,0.0,0.0,0.0,0.0,0.0,0.0
257.0,0.11022118649392582,0.8615057276423601,2.7513842382586096,15.041019072409444,85.0,7.071323088608226,28.0,5.0,1.0,1.0,1.0,1.0,0.0,0.0,0.0,0.0
258.0,0.4806432425492038,1.916226986282122,0.27896836349355447,-1.4805103031712845,134.0,22.950658352584888,74.0,38.0,23.0,13.0,9.0,3.0,3.0,3.0,1.0,1.0
259.0,0.41632714390984343,1.7782349192138969,0.589327568983927,-0.9933542526690098,456.0,61.4618196165188,223.0,102.0,50.0,17.0,10.0,5.0,2.0,1.0,0.0,0.0
260.0,0.23024345808815425,1.17128053573436,0.7395429317553428,0.08276468763839073,176.0,24.712152018933125,97.0,42.0,16.0,8.0,4.0,0.0,0.0,0.0,0.0,0.0
261.0,0.3650456331346145,1.809105411705193,1.125401939276207,1.3556845396279118,119.0,18.40180319691386,69.0,27.0,14.0,8.0,5.0,2.0,1.0,0.0,0.0,0.0
262.0,0.07656306572710252,1.0296495236129601,3.7347522540812084,33.10225105772219,476.0,26.811754160746403,72.0,9.0,1.0,1.0,1.0,1.0,0.0,0.0,0.0,0.0
263.0,0.16993571352884945,1.0900101657325951,1.4480684431288402,3.1194994840859946,126.0,9.083034887574133,25.0,7.0,3.0,2.0,1.0,0.0,0.0,0.0,0.0,0.0
264.0,0.181225335324625,0.682073835670134,1.1573145828156073,-0.07980560599092801,185.0,14.646802026020541,45.0,17.0,7.0,1.0,0.0,0.0,0.0,0.0,0.0,0.0
265.0,0.21943243911788096,0.7344999750385981,0.728048940322158,-1.0903490632396116,79.0,6.621931876699331,22.0,5.0,2.0,2.0,2.0,1.0,0.0,0.0,0.0,0.0
266.0,0.15971381466357695,0.7857042490884609,1.644371840540127,2.2676723557084144,87.0,7.251715974119955,27.0,5.0,1.0,0.0,0.0,0.0,0.0,0.0,0.0,0.0
267.0,0.24610930920872304,1.012613807486984,0.17343679359601424,-1.008786893265162,125.0,12.242757665194837,49.0,13.0,7.0,1.0,0.0,0.0,0.0,0.0,0.0,0.0
268.0,0.17079610661408687,0.755716603231911,1.0018076524262398,0.08352136276778399,136.0,10.391217946255844,31.0,10.0,5.0,1.0,0.0,0.0,0.0,0.0,0.0,0.0
269.0,0.31787391310075475,1.9351885900108825,1.334761756564298,2.5399392602139903,154.0,17.226590435754378,62.0,19.0,7.0,2.0,2.0,2.0,2.0,2.0,2.0,2.0
270.0,0.2405351952440269,0.8107744425987515,0.2991115781816378,-1.3031810918152404,68.0,7.9023580552934805,25.0,13.0,5.0,2.0,2.0,2.0,0.0,0.0,0.0,0.0
271.0,0.16751298258332267,0.890316371073003,1.3473191332739545,1.9608399100566256,130.0,12.104459535328047,47.0,13.0,3.0,2.0,0.0,0.0,0.0,0.0,0.0,0.0
272.0,0.14026753966266442,0.828388621929801,1.9248070218525009,4.672799802356914,128.0,12.301649606432134,50.0,12.0,2.0,1.0,1.0,0.0,0.0,0.0,0.0,0.0
273.0,0.14283734523849437,0.6875006624335941,1.6827184150550478,2.764175933743611,104.0,8.616470203531783,34.0,7.0,0.0,0.0,0.0,0.0,0.0,0.0,0.0,0.0
274.0,0.08741244601942723,0.951858505508655,0.19874388714810823,3.7899921172588593,652.0,40.46622138589541,134.0,15.0,3.0,2.0,2.0,1.0,0.0,0.0,0.0,0.0
275.0,0.24545762265199858,1.07441456079805,0.04051168625504343,-0.9640202476641555,390.0,43.735404775958926,179.0,64.0,17.0,5.0,1.0,0.0,0.0,0.0,0.0,0.0
276.0,0.1005791969390571,0.5795893286223051,0.5333207117343459,-0.15491782431025936,275.0,17.15272505043342,68.0,3.0,0.0,0.0,0.0,0.0,0.0,0.0,0.0,0.0
277.0,0.10824372615225308,0.640295254309681,0.7906555303569839,0.7782041401964799,234.0,21.2146252541026,82.0,18.0,4.0,1.0,0.0,0.0,0.0,0.0,0.0,0.0
278.0,0.2713594965350443,1.365181292841244,0.3815420209168825,-1.0870231955077734,409.0,41.279516966459155,155.0,48.0,19.0,6.0,3.0,2.0,1.0,0.0,0.0,0.0
279.0,0.21678106195454144,0.9257320299833349,1.6721359267963407,2.0787468726087965,64.0,5.843362409891039,24.0,8.0,3.0,2.0,0.0,0.0,0.0,0.0,0.0,0.0
280.0,0.18582192712001708,1.039278074454588,0.8447335011852534,0.12293783384025136,154.0,13.480338979614693,50.0,13.0,5.0,3.0,1.0,0.0,0.0,0.0,0.0,0.0
281.0,0.2645086794758531,1.23519077290848,0.7751899090741631,-0.3513461673256195,408.0,49.3136876556315,199.0,74.0,25.0,4.0,3.0,2.0,2.0,0.0,0.0,0.0
282.0,0.39001599290125794,1.411611482373408,0.5731405413279317,-0.90149038902537,138.0,21.84385517152834,78.0,43.0,18.0,11.0,7.0,2.0,1.0,1.0,0.0,0.0
283.0,0.21140566585477397,1.046514794502745,0.3834716526877174,-0.5194618996693467,183.0,18.62085622232941,70.0,18.0,5.0,1.0,0.0,0.0,0.0,0.0,0.0,0.0
284.0,0.32700661200527315,1.2252923118422419,0.06839931355128331,-0.9565538872684614,69.0,12.203140800630617,40.0,24.0,14.0,7.0,3.0,1.0,0.0,0.0,0.0,0.0
285.0,0.26373547568842143,1.370993653969713,0.9096786771377496,0.5153530768227657,159.0,17.859553631983943,55.0,28.0,13.0,7.0,3.0,2.0,2.0,0.0,0.0,0.0
286.0,0.19438826798372955,0.92219320054612,1.4171232328923815,1.5436326549441501,230.0,24.91130674188387,103.0,35.0,8.0,1.0,1.0,1.0,0.0,0.0,0.0,0.0
287.0,0.21075322004529998,0.8892529344924609,0.4767748170360554,-0.5535343401790649,83.0,10.172730002765327,39.0,14.0,5.0,2.0,1.0,1.0,0.0,0.0,0.0,0.0
288.0,0.3332746879443142,1.50814690367033,0.4111793549734824,-0.19873097063997403,141.0,24.32707978295985,86.0,47.0,20.0,13.0,8.0,4.0,2.0,1.0,1.0,1.0
289.0,0.2579856149100633,1.5359570432891831,1.0808146253573416,1.3906990902636167,177.0,26.441599127887276,98.0,43.0,22.0,11.0,5.0,3.0,0.0,0.0,0.0,0.0
290.0,0.22877406399621797,1.140704862527318,1.5976378645217264,2.4563509144987705,143.0,21.276832568221174,77.0,33.0,17.0,8.0,4.0,2.0,2.0,0.0,0.0,0.0
291.0,0.358598477529493,1.86012274695874,0.5582935450632672,0.2695297797588778,344.0,84.01294097563147,248.0,173.0,107.0,62.0,42.0,27.0,9.0,2.0,1.0,1.0
292.0,0.24165896787554708,1.0769777796198161,0.04541628795327472,-0.19177361577482888,53.0,12.510147091746875,42.0,29.0,18.0,8.0,3.0,1.0,0.0,0.0,0.0,0.0
293.0,0.2924218762905069,1.221547504743695,0.07684081814311136,-0.6970485394955728,87.0,22.202832631872678,67.0,46.0,33.0,19.0,9.0,5.0,1.0,0.0,0.0,0.0
294.0,0.2760222579064765,1.485280442406189,0.5837552877226396,0.50386376951288,99.0,24.61066348073583,77.0,49.0,30.0,18.0,12.0,7.0,4.0,3.0,2.0,0.0
295.0,0.2554017933726139,1.7181611927281448,1.4236140060350035,2.7362313836798715,469.0,87.36804944350129,284.0,159.0,87.0,53.0,33.0,17.0,12.0,7.0,3.0,3.0
296.0,0.20469985714669753,0.923527117095075,0.39651170535369706,-0.4636299327720397,155.0,26.137782934606147,85.0,49.0,27.0,19.0,5.0,2.0,0.0,0.0,0.0,0.0
297.0,0.2250019690862642,1.11925984947911,0.7477332515722253,0.47630129634084195,113.0,21.702745466999758,79.0,43.0,21.0,11.0,5.0,5.0,3.0,0.0,0.0,0.0
298.0,0.2815002351981276,2.028361136185906,1.0194595682404557,1.54421606032732,498.0,93.34289179869658,310.0,171.0,98.0,57.0,33.0,15.0,8.0,2.0,2.0,1.0
299.0,0.22969128123030774,1.050887422976945,0.6086131970087746,-0.27928563658116534,310.0,47.87122124333788,183.0,99.0,40.0,9.0,4.0,1.0,0.0,0.0,0.0,0.0
300.0,0.1820137410885624,1.207082461166203,0.10989721341068447,2.09386359133062,126.0,15.178748289234072,54.0,22.0,8.0,3.0,3.0,2.0,1.0,0.0,0.0,0.0
301.0,0.1716111933601893,0.940450251023798,0.3147255877192195,0.18828972368165076,128.0,20.48388019532769,83.0,42.0,19.0,4.0,0.0,0.0,0.0,0.0,0.0,0.0
302.0,0.2741966630067381,1.250214586048583,0.43304152011243935,-1.02631722528858,160.0,17.826498736809405,65.0,24.0,11.0,6.0,3.0,0.0,0.0,0.0,0.0,0.0
303.0,0.21179382835444746,1.083159497147207,0.4668305993628465,-0.3342805118938803,158.0,23.589125258966902,91.0,48.0,15.0,8.0,6.0,3.0,2.0,1.0,0.0,0.0
304.0,0.2305747064812747,1.2058231411186169,0.08988032840966549,-0.4369835972531635,499.0,81.19032409054252,312.0,155.0,71.0,31.0,6.0,1.0,1.0,1.0,0.0,0.0
305.0,0.08295463485851003,0.558849660402025,0.010259432892857365,0.4748233381157765,287.0,14.516103609301457,30.0,8.0,0.0,0.0,0.0,0.0,0.0,0.0,0.0,0.0
306.0,0.16983540040984058,0.938685026974476,0.21362352963882117,0.743357490825105,59.0,7.547293688445509,30.0,14.0,5.0,2.0,1.0,0.0,0.0,0.0,0.0,0.0
307.0,0.19076860271772844,1.212907212673009,0.024727106417475258,3.4518343324113983,51.0,7.46933898363822,24.0,14.0,7.0,6.0,1.0,0.0,0.0,0.0,0.0,0.0
308.0,0.20376227665505933,1.0552956800449549,0.3813956287615966,0.24032187131259608,110.0,16.077063665852226,61.0,28.0,16.0,5.0,1.0,0.0,0.0,0.0,0.0,0.0
309.0,0.17646379607127102,1.049661927781209,0.21507129585756551,2.0202914272459593,53.0,7.0569140318378505,25.0,11.0,6.0,3.0,2.0,1.0,0.0,0.0,0.0,0.0
310.0,0.28064172295325235,2.3826429855809192,1.8185092165282655,6.780106678679261,316.0,39.312762492662124,140.0,44.0,20.0,9.0,7.0,7.0,6.0,5.0,3.0,2.0
311.0,0.14299289242103855,0.960829402719322,0.5990751071770755,1.7411140819236577,154.0,17.075176934168205,68.0,21.0,10.0,4.0,3.0,1.0,1.0,0.0,0.0,0.0
312.0,0.2798284397515422,1.1375035237499351,0.55475175879757,-0.9629606752187567,146.0,20.152145406484333,78.0,34.0,13.0,7.0,4.0,2.0,1.0,0.0,0.0,0.0
313.0,0.22622582688683052,1.109255342371029,1.363621284724357,1.1105034670301555,99.0,11.176330912909183,45.0,16.0,5.0,2.0,1.0,0.0,0.0,0.0,0.0,0.0
314.0,0.2357286451235837,1.013175388747734,0.11763303098241494,-0.9993104422885999,86.0,10.13630382548628,40.0,13.0,7.0,4.0,0.0,0.0,0.0,0.0,0.0,0.0
315.0,0.3168217621045575,1.506140229029156,1.24215178101559,0.6129951537226179,468.0,63.420659246719026,243.0,103.0,41.0,13.0,9.0,4.0,2.0,1.0,1.0,1.0
316.0,0.2699975648574818,1.240385666888594,1.2299691401007498,1.168760548840567,142.0,22.653447402551414,82.0,48.0,21.0,9.0,2.0,1.0,1.0,1.0,0.0,0.0
317.0,0.3438205404557591,1.2503473073802311,0.458287941983778,-1.1223227820451507,153.0,24.37239279698593,81.0,47.0,27.0,13.0,7.0,5.0,1.0,0.0,0.0,0.0
318.0,0.3696786752539554,1.3114610958362969,0.006541174911704466,-1.4371439811841442,130.0,24.793326622071262,82.0,51.0,25.0,14.0,5.0,4.0,2.0,0.0,0.0,0.0
319.0,0.15848697021532135,1.254526043298295,0.07402734577144453,1.4916211474254424,448.0,38.685931775745985,134.0,42.0,16.0,7.0,3.0,2.0,2.0,2.0,1.0,0.0
320.0,0.30618434902197955,1.388671489473952,0.16970272764966796,-0.11278092618585189,141.0,20.569268592997012,73.0,36.0,16.0,9.0,6.0,2.0,0.0,0.0,0.0,0.0
321.0,0.13732887486073547,0.7828734006227991,0.8779153611614018,1.1202482350436198,88.0,6.829446646695427,27.0,6.0,2.0,0.0,0.0,0.0,0.0,0.0,0.0,0.0
322.0,0.17525601609074246,0.852442811586142,0.5880854331859335,0.2635563341942828,122.0,9.97657303424374,36.0,15.0,4.0,1.0,0.0,0.0,0.0,0.0,0.0,0.0
323.0,0.19562910652990909,0.882269940035352,0.08086666044392515,-0.8189177957687184,234.0,23.711328634141207,102.0,29.0,3.0,2.0,1.0,0.0,0.0,0.0,0.0,0.0
324.0,0.10185844963943232,0.688560962203152,0.24893178417442935,0.2947175058097353,306.0,19.74613776788146,67.0,7.0,1.0,0.0,0.0,0.0,0.0,0.0,0.0,0.0
325.0,0.12402547597544192,0.7369655941662061,0.3317791417712792,-0.2566393837529204,235.0,14.670845727694164,44.0,9.0,3.0,2.0,0.0,0.0,0.0,0.0,0.0,0.0
326.0,0.17662979598226172,0.886054765731036,0.03740426517982532,-0.3154922894958543,248.0,25.280435227105723,100.0,33.0,5.0,3.0,0.0,0.0,0.0,0.0,0.0,0.0
327.0,0.09858535367997198,0.614995667799331,0.5308564716580336,0.2781400011489201,305.0,18.584162697239584,50.0,12.0,1.0,0.0,0.0,0.0,0.0,0.0,0.0,0.0
328.0,0.3176435857562606,1.2939137187177625,1.104721995620833,-0.34945774133004326,176.0,16.412572614789447,51.0,19.0,9.0,6.0,4.0,3.0,1.0,0.0,0.0,0.0
329.0,0.22038918726098006,0.931947618420942,2.0168327151294374,3.112976183547818,59.0,5.466852013968588,16.0,7.0,6.0,1.0,1.0,0.0,0.0,0.0,0.0,0.0
330.0,0.21837174172545798,1.1919695007626951,2.0584300386564602,3.2523545631784607,218.0,15.502321505347991,40.0,19.0,6.0,1.0,1.0,1.0,1.0,0.0,0.0,0.0
331.0,0.2830514905660533,1.741897889708433,1.631483805893675,1.655258508685776,212.0,20.69509965782782,60.0,19.0,12.0,8.0,7.0,4.0,2.0,1.0,1.0,1.0
332.0,0.21738846471937504,0.727597411632011,0.36064698650030297,-1.5359733584550985,143.0,11.343504072230152,41.0,9.0,2.0,1.0,0.0,0.0,0.0,0.0,0.0,0.0
333.0,0.08112654096874927,0.587060966605154,1.235960093876395,3.606201555951369,231.0,14.237133649069328,42.0,3.0,2.0,2.0,0.0,0.0,0.0,0.0,0.0,0.0
334.0,0.13795537711674372,0.903527233026271,0.02903511824062898,0.9985514217788998,646.0,43.63465655433321,143.0,23.0,5.0,1.0,0.0,0.0,0.0,0.0,0.0,0.0
335.0,0.12475120826610195,0.818086648018622,1.8179649990221363,3.649958004612024,233.0,15.04003686082234,42.0,13.0,3.0,0.0,0.0,0.0,0.0,0.0,0.0,0.0
336.0,0.1990463895019291,0.914395765265389,0.22506665406111856,-0.7460285399780839,233.0,21.431072948088843,87.0,20.0,6.0,1.0,0.0,0.0,0.0,0.0,0.0,0.0
337.0,0.13481948106619904,0.7284090214997121,0.7061807115773274,0.07568384267596118,247.0,19.811922865689674,70.0,21.0,5.0,0.0,0.0,0.0,0.0,0.0,0.0,0.0
338.0,0.13677554523508764,0.7833668479522371,1.3924174684996011,1.3746419944081967,412.0,26.41846475654866,84.0,19.0,3.0,0.0,0.0,0.0,0.0,0.0,0.0,0.0
339.0,0.10271546978770932,0.721347633351337,1.1488480095388978,2.5832789450214353,389.0,22.69260577055467,68.0,6.0,0.0,0.0,0.0,0.0,0.0,0.0,0.0,0.0
340.0,0.10050991230998292,0.5231537039085861,1.721824477746463,2.537093213462079,303.0,14.689996847930942,41.0,4.0,0.0,0.0,0.0,0.0,0.0,0.0,0.0,0.0
341.0,0.11083716203390402,0.758283210944089,0.4337957408918044,0.4560724929661131,413.0,32.45669751512651,127.0,29.0,4.0,0.0,0.0,0.0,0.0,0.0,0.0,0.0
342.0,0.09285066256085191,0.9439548576484229,1.3851176567098888,6.042921717018968,647.0,39.638646687197706,122.0,13.0,3.0,1.0,0.0,0.0,0.0,0.0,0.0,0.0
343.0,0.12592302039292763,0.726945638624252,0.024490694173745324,-0.30929984002857536,248.0,20.96430590985534,81.0,21.0,5.0,0.0,0.0,0.0,0.0,0.0,0.0,0.0
344.0,0.14332195713772444,0.707153919891957,0.6634365537876301,0.08893331815299144,235.0,18.947483338693125,69.0,15.0,3.0,0.0,0.0,0.0,0.0,0.0,0.0,0.0
345.0,0.13398214692057256,0.5753021277882897,0.4702811060160363,-0.7993680358756987,248.0,20.1567034091124,74.0,20.0,2.0,0.0,0.0,0.0,0.0,0.0,0.0,0.0
346.0,0.0965023516769529,0.68838805229627,0.15633548709807268,1.2511032287994337,305.0,20.506714653419202,68.0,5.0,1.0,1.0,1.0,0.0,0.0,0.0,0.0,0.0
347.0,0.08480342805838711,0.59837216927468,0.04425195247184895,0.8703460095338316,303.0,19.711898337469062,65.0,8.0,0.0,0.0,0.0,0.0,0.0,0.0,0.0,0.0
348.0,0.16517808491974106,0.819007694654851,0.34685158689829515,-0.6391234848878233,235.0,21.7503720095849,86.0,20.0,3.0,0.0,0.0,0.0,0.0,0.0,0.0,0.0
349.0,0.21836861980725952,0.939641037245867,0.6347644075521739,-0.6858467186648589,248.0,29.60994125545034,115.0,45.0,22.0,9.0,2.0,0.0,0.0,0.0,0.0,0.0
350.0,0.1196243859082637,1.012771643184129,0.20433006133808435,2.2743028248445323,319.0,28.68159867928791,121.0,18.0,4.0,2.0,2.0,2.0,2.0,2.0,0.0,0.0
351.0,0.11132272887320903,0.659243298741688,0.9956362234207069,1.192816218770631,276.0,21.95776854623897,84.0,16.0,2.0,0.0,0.0,0.0,0.0,0.0,0.0,0.0
352.0,0.16948452064418468,0.5955206924197332,0.4371163064514075,-1.0364260652581856,89.0,7.971729291527975,28.0,7.0,3.0,1.0,0.0,0.0,0.0,0.0,0.0,0.0
353.0,0.1523517964054099,0.791144694876346,0.6026071019666149,0.29783484491168233,78.0,6.296394977620504,24.0,7.0,1.0,1.0,0.0,0.0,0.0,0.0,0.0,0.0
354.0,0.13061256269678584,0.734606872331388,1.8160297305568094,2.549154571919462,247.0,13.704604042515609,35.0,8.0,1.0,0.0,0.0,0.0,0.0,0.0,0.0,0.0
355.0,0.09634791779427358,0.766409372058688,1.2101866639100871,5.4287763892359955,147.0,7.881737481017918,22.0,3.0,2.0,1.0,0.0,0.0,0.0,0.0,0.0,0.0
356.0,0.29023601808544486,4.3792,0.6598708786322597,3.6081220574998274,5619.0,1571.8715,4247.0,2992.0,2042.0,1306.0,867.0,568.0,367.0,227.0,161.0,105.0
357.0,0.2639594455429209,4.06094,1.0259785484321857,5.325840220582767,5937.0,1606.89653,4436.0,3131.0,2094.0,1329.0,807.0,530.0,330.0,208.0,138.0,87.0
358.0,0.10778447246315898,0.5133395728906474,0.6249409070072183,-0.47502219216234076,233.0,14.431183257228533,49.0,8.0,1.0,0.0,0.0,0.0,0.0,0.0,0.0,0.0
359.0,0.08388439582592752,1.06495544184077,1.8872641170522397,15.307039112540776,657.0,36.936808691037044,88.0,13.0,6.0,2.0,2.0,2.0,0.0,0.0,0.0,0.0
360.0,0.07570118237599023,0.433835094732969,0.6009185172464784,0.17089793177773416,415.0,24.947878082949003,79.0,4.0,2.0,0.0,0.0,0.0,0.0,0.0,0.0,0.0
361.0,0.08145637774063119,0.9018196060610961,0.6025866127150712,8.450893074093232,646.0,28.972620326093754,43.0,6.0,4.0,4.0,2.0,0.0,0.0,0.0,0.0,0.0
362.0,0.17165322688364146,0.7464829055896259,0.26324926376371194,-0.9978655972720447,235.0,17.201312855448386,59.0,17.0,3.0,0.0,0.0,0.0,0.0,0.0,0.0,0.0
363.0,0.20675545388157965,0.862167806686988,0.18529795773686508,-0.6263284214022833,242.0,22.285278506400424,81.0,25.0,8.0,2.0,0.0,0.0,0.0,0.0,0.0,0.0
364.0,0.10182471231410348,0.47673724446410104,1.4416345050976611,1.4630490007105,69.0,3.0463706646264828,8.0,0.0,0.0,0.0,0.0,0.0,0.0,0.0,0.0,0.0
365.0,0.14977215926303697,0.637145224997024,0.8740954872858949,-0.5781291628308214,386.0,22.69890205584202,71.0,8.0,2.0,0.0,0.0,0.0,0.0,0.0,0.0,0.0
366.0,0.11360856826711715,0.722466024471091,1.247079633797752,1.155317531199867,322.0,17.62390495433213,49.0,8.0,3.0,2.0,1.0,0.0,0.0,0.0,0.0,0.0
367.0,0.12453861283495936,0.563946906375871,0.8199325961485034,-0.3480587934258601,249.0,16.126942296834684,45.0,7.0,0.0,0.0,0.0,0.0,0.0,0.0,0.0,0.0
368.0,0.10764891845405254,0.6811215409413129,0.18945325052904993,0.2196963190353176,416.0,24.481926132938533,73.0,7.0,1.0,0.0,0.0,0.0,0.0,0.0,0.0,0.0
369.0,0.182374267860452,0.8913333146969576,0.19614976870032913,-0.6854292953214443,248.0,24.990321507178916,93.0,30.0,10.0,2.0,0.0,0.0,0.0,0.0,0.0,0.0
370.0,0.1535873015251725,1.6219202567198248,0.6058897117866958,5.927623580521017,509.0,50.73797981992044,181.0,52.0,14.0,7.0,5.0,3.0,2.0,2.0,2.0,2.0
371.0,0.28907723741431046,1.382518920134657,1.3269817277044105,0.724191165872123,221.0,26.932676645213736,98.0,40.0,16.0,6.0,3.0,3.0,0.0,0.0,0.0,0.0
372.0,0.2071113160826328,0.8895049058076869,1.0371996550724079,-0.04097005796663167,110.0,10.439757568888538,38.0,13.0,5.0,1.0,0.0,0.0,0.0,0.0,0.0,0.0
373.0,0.24172895336701208,1.240553826592913,0.7886342332132507,0.13675137434629248,105.0,10.360439684454027,40.0,12.0,5.0,2.0,1.0,0.0,0.0,0.0,0.0,0.0
374.0,0.2309697738657617,0.815223901099682,0.029243177096626227,-1.5324328059756926,94.0,8.886471002235961,32.0,11.0,3.0,1.0,0.0,0.0,0.0,0.0,0.0,0.0
375.0,0.18794618441546337,0.9198296513160171,0.6667456155732819,0.3102078343172434,185.0,17.46100565123068,70.0,23.0,4.0,1.0,1.0,1.0,0.0,0.0,0.0,0.0
376.0,0.19722553292198156,1.18551934021378,0.8073334439347736,0.7473936182675294,213.0,23.137621270876828,97.0,30.0,8.0,4.0,2.0,0.0,0.0,0.0,0.0,0.0
377.0,0.15650015712492193,0.990461485644403,1.8572783259208936,4.698179356181452,148.0,14.109923483544462,50.0,16.0,7.0,4.0,0.0,0.0,0.0,0.0,0.0,0.0
378.0,0.2174081431727647,1.00581498183822,0.3886916429340733,-0.6441359252525256,146.0,16.6315269881553,66.0,23.0,5.0,2.0,1.0,0.0,0.0,0.0,0.0,0.0
379.0,0.07583658680511977,0.462372227823874,0.46775025162091033,0.2824210235804556,652.0,35.75461583486638,94.0,7.0,0.0,0.0,0.0,0.0,0.0,0.0,0.0,0.0
380.0,0.10996263851957719,0.869483684416549,0.6374506764207,1.4460071400213481,652.0,64.16889768258702,257.0,58.0,12.0,2.0,1.0,1.0,0.0,0.0,0.0,0.0
381.0,0.11830686166253955,0.6047570439981313,0.45675324891022273,-0.09332656862341837,248.0,23.10284607078706,99.0,22.0,1.0,0.0,0.0,0.0,0.0,0.0,0.0,0.0
382.0,0.29023601808544486,4.3792,0.6598708786322597,3.6081220574998274,5619.0,1571.8715,4247.0,2992.0,2042.0,1306.0,867.0,568.0,367.0,227.0,161.0,105.0
383.0,0.10698702819500339,0.7553059778852971,0.7735495701846796,0.7363523001776566,637.0,39.801824663602204,117.0,15.0,6.0,4.0,2.0,1.0,0.0,0.0,0.0,0.0
384.0,0.1290479389939018,0.620171748737126,0.528753701326442,-0.9064722016324227,413.0,26.63581632595824,82.0,17.0,1.0,0.0,0.0,0.0,0.0,0.0,0.0,0.0
385.0,0.14758216374683814,0.736151432157641,0.33064833312481096,-0.9773646512226386,387.0,25.735498598971127,76.0,15.0,4.0,4.0,4.0,0.0,0.0,0.0,0.0,0.0
386.0,0.5239173046394816,3.95,0.10285905528946734,-0.37972105521492194,3256.0,1190.8999999999999,2674.0,2094.0,1586.0,1192.0,891.0,639.0,451.0,294.0,191.0,129.0
387.0,0.09283082013571854,0.743016131145019,0.12974166853282812,1.3888713012135492,470.0,30.819263673636268,102.0,16.0,6.0,1.0,0.0,0.0,0.0,0.0,0.0,0.0
388.0,0.18933672407057314,0.8505333545990399,1.2010104226312428,0.26363369887646737,167.0,13.788721937127278,50.0,16.0,7.0,2.0,0.0,0.0,0.0,0.0,0.0,0.0
389.0,0.2375406071058734,0.7165640630895104,0.49989670531814145,-1.5120407319645934,40.0,6.252016223780753,15.0,10.0,9.0,8.0,3.0,1.0,0.0,0.0,0.0,0.0
390.0,0.12105687509485466,0.75237503348861,0.30088870119374217,0.12923421849202876,195.0,15.16628603631182,57.0,13.0,3.0,1.0,0.0,0.0,0.0,0.0,0.0,0.0
391.0,0.20788603663110344,1.2107439060503569,1.005605977586376,4.42007268385723,61.0,6.52927784066715,19.0,7.0,4.0,4.0,3.0,2.0,0.0,0.0,0.0,0.0
392.0,0.253235467673516,0.8995756938118811,0.7996322422037917,-1.0178187105490046,165.0,14.130118197674488,44.0,18.0,7.0,4.0,1.0,0.0,0.0,0.0,0.0,0.0
393.0,0.14245880083191456,1.10627200504679,1.316029398228951,6.174651198381785,409.0,29.649736864371445,98.0,15.0,4.0,2.0,1.0,1.0,1.0,0.0,0.0,0.0
394.0,0.45509037380238104,1.61797755794912,0.20296807620710147,-1.454352702465665,134.0,19.50998701815908,63.0,39.0,21.0,7.0,2.0,1.0,1.0,0.0,0.0,0.0
395.0,0.17277779511654837,1.101941168132198,2.4726309802749884,7.056453734317241,187.0,16.356940155987402,60.0,16.0,7.0,3.0,1.0,0.0,0.0,0.0,0.0,0.0
396.0,0.41071176469981385,1.4327922448819763,0.7632091247694199,-0.7724690325361161,154.0,19.317052616181748,73.0,34.0,11.0,5.0,1.0,1.0,0.0,0.0,0.0,0.0
397.0,0.1710327716836277,0.642545471483496,0.36116094336704535,-1.3952670494600703,69.0,4.292163773897523,10.0,5.0,1.0,1.0,0.0,0.0,0.0,0.0,0.0,0.0
398.0,0.13429591883289704,0.885092840744813,0.8553068398364555,0.8068249270190186,216.0,15.595886991025484,44.0,13.0,4.0,3.0,1.0,0.0,0.0,0.0,0.0,0.0
399.0,0.18057699510819397,0.760451846069751,0.32273861031772066,-0.7875217248933324,84.0,7.15712568949748,27.0,5.0,2.0,0.0,0.0,0.0,0.0,0.0,0.0,0.0
400.0,0.283995738453848,1.46067072808467,2.7440650116207115,7.048257309591282,95.0,9.785627394295023,29.0,11.0,6.0,3.0,2.0,1.0,1.0,1.0,1.0,1.0
401.0,0.3163284064348493,5.496395690553037,7.3454233885425335,114.99427861302235,506.0,65.74073007051781,208.0,68.0,22.0,14.0,11.0,9.0,8.0,7.0,6.0,5.0
402.0,0.2952161436609516,1.458359115769744,0.7268637288819921,-0.6590683566089535,175.0,20.369747940130843,73.0,28.0,11.0,3.0,2.0,1.0,0.0,0.0,0.0,0.0
403.0,0.28346906249290704,1.0,1.0952441062351579,-0.3700650438488928,158.0,15.510260993746426,51.0,23.0,9.0,2.0,2.0,2.0,0.0,0.0,0.0,0.0
404.0,0.1692813579457015,0.685541272740224,0.6809295486890882,-0.8209195980409105,115.0,10.865355581666698,35.0,14.0,7.0,0.0,0.0,0.0,0.0,0.0,0.0,0.0
405.0,0.2565918966226686,1.263681499381709,0.12628580725669888,-0.7137296078443542,115.0,17.70107887995823,66.0,34.0,13.0,5.0,2.0,1.0,1.0,1.0,1.0,0.0
406.0,0.27978598638105434,1.024,0.3710764646901447,-1.2316836910113285,199.0,20.473000000000003,83.0,28.0,8.0,4.0,0.0,0.0,0.0,0.0,0.0,0.0
407.0,0.14046874683549723,0.648,1.502490179689394,1.5340272081435327,120.0,7.803000000000001,26.0,6.0,0.0,0.0,0.0,0.0,0.0,0.0,0.0,0.0
408.0,0.3045509987907326,1.4549999999999998,1.2175849890881663,0.330305647262501,188.0,22.622,67.0,35.0,21.0,9.0,6.0,4.0,3.0,2.0,1.0,1.0
409.0,0.20647356517968168,0.885,0.9269855031655221,-0.4995120128631063,257.0,22.694,76.0,26.0,12.0,4.0,1.0,1.0,0.0,0.0,0.0,0.0
410.0,0.17260803241896733,0.7809999999999999,1.210235070220287,0.40671649617806604,238.0,19.076,66.0,18.0,7.0,1.0,0.0,0.0,0.0,0.0,0.0,0.0
411.0,0.06481793944417573,0.4348861203901395,0.4562242965861187,0.9150279351447086,234.0,11.750332875751102,32.0,3.0,1.0,0.0,0.0,0.0,0.0,0.0,0.0,0.0
412.0,0.09447737634884389,0.482392767080608,0.07315284451342946,0.020733669735974125,154.0,10.300762807106693,32.0,2.0,0.0,0.0,0.0,0.0,0.0,0.0,0.0,0.0
