dataset,num_layers,layer_size,test_fold,test_ratio,stop_epoch,train_loss,val_loss,test_loss,time
cancer,1,1,1,0.1,302,2.2495899200439453,2.630764961242676,2.296767473220825,5.273183822631836
cancer,1,1,1,0.2,134,2.2296478748321533,2.514106035232544,2.2576000690460205,4.893632888793945
cancer,1,2,1,0.1,2201,0.9185336828231812,1.4226281642913818,1.2461203336715698,5.303467988967896
cancer,1,1024,1,0.1,215,0.5049147009849548,1.4605562686920166,1.592211365699768,9.892573356628418
cancer,1,1024,1,0.2,7,0.7089015245437622,1.245545506477356,1.3004363775253296,3.111689329147339
cancer,1,1024,1,0.3,52,0.581070601940155,1.285538673400879,1.414676070213318,3.680511474609375
cancer,1,1024,1,0.4,40,0.5990400314331055,1.2217084169387815,1.2748574018478394,3.5530893802642822
cancer,1,1024,1,0.5,13,0.5711966156959534,1.1978448629379272,1.3879598379135132,3.213080883026123
cancer,1,1024,2,0.1,80,0.6186593770980835,0.9962366223335266,1.717791199684143,4.308006048202515
cancer,1,1024,2,0.2,58,0.6793851256370544,0.8662168979644775,1.623573899269104,3.922910213470459
cancer,1,1024,2,0.3,66,0.6137467622756958,0.9774227738380432,1.693240523338318,3.823373556137085
cancer,1,1024,2,0.4,64,0.6321738362312317,1.0338990688323977,1.4981160163879397,3.699992895126343
cancer,1,1024,2,0.5,77,0.5549549460411072,0.9987715482711792,1.5240203142166138,3.963350296020508
cancer,1,2,1,0.2,1663,0.958258867263794,1.3360766172409058,1.307230830192566,4.259023904800415
cancer,1,2048,1,0.1,22,0.6134729385375977,1.6115233898162842,1.3953557014465332,5.337942600250244
cancer,1,2048,1,0.2,4,0.6211255192756653,1.245798945426941,1.3195842504501345,5.101181268692017
cancer,1,2048,1,0.3,34,0.5544620156288147,1.2796212434768677,1.377739191055298,6.050278663635254
cancer,1,2048,1,0.4,22,0.5616813898086548,1.214211106300354,1.3389298915863037,5.230326175689697
cancer,1,2048,1,0.5,37,0.4990516901016235,1.1987968683242798,1.4479172229766846,5.736835956573486
cancer,1,2048,2,0.1,45,0.5976414680480957,0.9835121631622314,1.723605036735535,6.524045944213867
cancer,1,2048,2,0.2,37,0.6426165699958801,0.8589264154434204,1.7194453477859497,6.287123441696167
cancer,1,2048,2,0.3,56,0.5574207901954651,0.9722901582717896,1.750143051147461,6.653642654418945
cancer,1,2048,2,0.4,43,0.5855673551559448,1.0309679508209229,1.481598734855652,5.924998044967651
cancer,1,2048,2,0.5,53,0.5332728624343872,0.9978014826774596,1.5151114463806152,6.110865592956543
cancer,1,2,1,0.3,2939,0.809566080570221,1.183780312538147,1.2531960010528564,6.503419399261475
cancer,1,4096,1,0.1,150,0.4795750975608825,1.4921048879623413,1.696427822113037,20.035776615142822
cancer,1,4096,1,0.2,8,0.583603024482727,1.2327486276626587,1.32816743850708,11.054547309875488
cancer,1,4096,1,0.3,26,0.530754566192627,1.2668733596801758,1.4112956523895264,11.891803741455078
cancer,1,4096,1,0.4,25,0.537131667137146,1.200737237930298,1.3784685134887695,11.503806114196776
cancer,1,4096,1,0.5,44,0.4841075241565704,1.185118317604065,1.3817583322525024,12.51494812965393
cancer,1,4096,2,0.1,47,0.571320652961731,0.984647274017334,1.854113221168518,11.281782388687134
cancer,1,4096,2,0.2,39,0.6442356109619141,0.854344367980957,1.6845747232437134,10.219887018203735
cancer,1,4096,2,0.3,53,0.5495942234992981,0.972444713115692,1.7961605787277222,10.678087949752808
cancer,1,4096,2,0.4,45,0.5672154426574707,1.0251506567001345,1.571317434310913,9.81111216545105
cancer,1,4096,2,0.5,51,0.5190446376800537,0.995006263256073,1.5923198461532593,10.051320791244509
cancer,1,2,1,0.4,3499,0.8172664046287537,1.1153233051300049,1.1940293312072754,7.4139392375946045
cancer,2,1,1,0.1,3907,2.2495899200439453,2.630765914916992,2.2967681884765625,9.939661979675291
cancer,2,1,1,0.2,1768,2.2302870750427246,2.514106035232544,2.277301788330078,4.70029354095459
cancer,2,1,1,0.3,1831,2.1947550773620605,2.5024337768554688,2.2714080810546875,4.719908475875855
cancer,2,1,1,0.4,1034,2.227038145065308,2.393972873687744,2.352165699005127,3.310810089111328
cancer,2,1,1,0.5,2949,2.1534643173217773,2.4197423458099365,2.256016731262207,6.910196542739868
cancer,2,1,2,0.1,5156,1.9882616996765137,2.129026412963867,2.664767026901245,11.253525972366331
cancer,2,1,2,0.2,3233,2.043521881103516,1.8416751623153689,2.637161493301392,7.703505992889404
cancer,2,1,2,0.3,2971,2.0535976886749268,1.886715054512024,2.6212408542633057,7.137826681137085
cancer,2,1,2,0.4,5398,2.11643648147583,1.833612322807312,2.646189451217652,11.690476179122925
cancer,2,1,2,0.5,5114,2.136146306991577,1.8907859325408936,2.5248279571533203,11.044044733047484
cancer,1,2,1,0.5,2380,0.8257885575294495,1.20232355594635,1.26751446723938,5.540022134780884
cancer,2,2,1,0.1,634,2.2495899200439453,2.630765914916992,2.2967681884765625,2.838566303253174
cancer,2,2,1,0.2,222,2.2296390533447266,2.514106035232544,2.2569997310638428,1.979191541671753
cancer,2,2,1,0.3,231,2.1942455768585205,2.5024337768554688,2.2533364295959477,1.9858925342559812
cancer,2,2,1,0.4,83,2.2097764015197754,2.3939731121063232,2.2727034091949463,1.6711809635162354
cancer,2,2,1,0.5,438,2.1534640789031982,2.4197423458099365,2.2556228637695312,5.746273279190064
cancer,2,2,2,0.1,1067,1.9882614612579343,2.129026174545288,2.664781332015991,7.212190866470337
cancer,2,2,2,0.2,557,2.0429527759552,1.8416751623153689,2.660860538482666,6.085994958877564
cancer,2,2,2,0.3,505,2.0518455505371094,1.8867151737213133,2.6601598262786865,5.920910120010376
cancer,2,2,2,0.4,1122,2.116436719894409,1.833612322807312,2.646190643310547,3.781967639923096
cancer,2,2,2,0.5,1076,2.136146068572998,1.8907854557037356,2.524829626083374,3.6863980293273926
cancer,1,2,2,0.1,1103,1.9882616996765137,2.129026174545288,2.664781332015991,3.414912462234497
cancer,2,4,1,0.1,282,0.8970670104026794,1.6176366806030271,1.2999823093414309,2.0800204277038574
cancer,2,4,1,0.2,280,0.8944462537765503,1.3117713928222656,1.3193626403808594,2.0790882110595703
cancer,2,4,1,0.3,342,0.8641923666000366,1.3046352863311768,1.362690567970276,2.1828773021698
cancer,2,4,1,0.4,321,0.867927610874176,1.301744818687439,1.3139489889144895,2.1571617126464844
cancer,2,4,1,0.5,378,0.7881372570991516,1.225409746170044,1.315365195274353,2.239835023880005
cancer,2,4,2,0.1,359,0.9040537476539612,0.988769233226776,1.501175880432129,2.2149014472961426
cancer,2,4,2,0.2,360,0.9284105896949768,0.863421618938446,1.5474427938461304,2.2048983573913574
cancer,2,4,2,0.3,370,0.9087542295455932,1.02162766456604,1.6184005737304688,2.2498512268066406
cancer,2,4,2,0.4,399,0.8703342080116272,1.123401165008545,1.3155858516693115,2.422952175140381
cancer,2,4,2,0.5,508,0.8180727362632751,1.0662788152694702,1.4786067008972168,2.6741943359375
cancer,1,2,2,0.2,389,2.0431079864501958,1.8416751623153689,2.651888608932495,2.17493748664856
cancer,2,8,1,0.1,95,1.1679813861846924,1.7050392627716064,1.299590826034546,1.7443110942840576
cancer,2,8,1,0.2,459,0.7991551160812378,1.3466758728027344,1.3406519889831543,2.5889430046081543
cancer,2,8,1,0.3,551,0.8064177632331848,1.345710039138794,1.3996431827545166,2.7798619270324707
cancer,2,8,1,0.4,401,0.8306268453598022,1.3266806602478027,1.3611245155334473,2.476756811141968
cancer,2,8,1,0.5,292,0.7861520051956177,1.223783016204834,1.3070517778396606,2.2101144790649414
cancer,2,8,2,0.1,627,0.8208357691764832,0.9715068340301514,1.6399232149124146,2.9536995887756348
cancer,2,8,2,0.2,190,1.105770230293274,0.9535434246063232,1.5356074571609497,2.010586261749268
cancer,2,8,2,0.3,469,0.7614001631736755,1.0022759437561035,1.5643656253814695,2.6526196002960205
cancer,2,8,2,0.4,225,1.0363303422927856,1.1565871238708496,1.3911032676696775,4.895165920257568
cancer,2,8,2,0.5,379,1.0025198459625244,1.1235207319259644,1.4290257692337036,5.252624273300171
cancer,1,2,2,0.3,324,2.052391290664673,1.886715054512024,2.64357590675354,2.0637319087982178
cancer,2,16,1,0.1,208,0.7847997546195984,1.5790051221847534,1.3056296110153198,4.867899179458618
cancer,2,16,1,0.2,148,0.8394656181335449,1.2954553365707395,1.3225767612457275,4.672176122665405
cancer,2,16,1,0.3,290,0.7431172132492065,1.2899595499038696,1.383806824684143,2.1506314277648926
cancer,2,16,1,0.4,134,0.819546639919281,1.2160773277282717,1.2865169048309326,1.793701410293579
cancer,2,16,1,0.5,184,0.6990554928779602,1.2011100053787231,1.3308322429656982,1.8920280933380127
cancer,2,16,2,0.1,207,0.8483668565750122,0.9429909586906432,1.6105870008468628,1.9817473888397217
cancer,2,16,2,0.2,257,0.8288863897323608,0.8579069375991821,1.5594338178634644,2.0709116458892822
cancer,2,16,2,0.3,231,0.8102648258209229,0.9673946499824524,1.5634115934371948,2.015255689620972
cancer,2,16,2,0.4,271,0.7678910493850708,1.0300339460372925,1.4575616121292114,2.1025760173797607
cancer,2,16,2,0.5,257,0.7728998064994812,1.0133979320526123,1.4280076026916504,2.0361247062683105
cancer,1,2,2,0.4,2443,0.911579966545105,1.072705864906311,1.38525390625,5.523886203765869
cancer,2,32,1,0.1,143,0.8037306070327759,1.574286699295044,1.317020058631897,1.8624708652496336
cancer,2,32,1,0.2,129,0.8598747253417969,1.2580646276474,1.3178428411483765,1.82193922996521
cancer,2,32,1,0.3,117,0.843999981880188,1.2639449834823608,1.3365113735198977,1.8651278018951416
cancer,2,32,1,0.4,102,0.8636053204536438,1.203917145729065,1.3029636144638062,1.8048415184021
cancer,2,32,1,0.5,114,0.7746764421463013,1.179194688796997,1.282638430595398,1.8297996520996092
cancer,2,32,2,0.1,281,0.8047342300415039,0.9925109148025512,1.6445538997650146,2.2960221767425537
cancer,2,32,2,0.2,286,0.7919286489486694,0.8400436639785767,1.6019022464752195,2.3117926120758057
cancer,2,32,2,0.3,267,0.735827624797821,0.9304614663124084,1.578566551208496,2.2528090476989746
cancer,2,32,2,0.4,267,0.7226377129554749,1.0136672258377075,1.3803353309631348,2.250516414642334
cancer,2,32,2,0.5,266,0.6859473586082458,0.9808507561683656,1.4077516794204712,2.2533063888549805
cancer,1,2,2,0.5,2817,0.8869208097457886,1.0868712663650513,1.3888572454452517,6.243986129760742
cancer,2,64,1,0.1,23,0.8434082269668579,1.5213217735290527,1.328783392906189,1.6965439319610596
cancer,2,64,1,0.2,23,0.8119887113571167,1.2227665185928345,1.3181706666946411,1.6927027702331543
cancer,2,64,1,0.3,54,0.7591373324394226,1.2542791366577148,1.3294591903686523,4.086071491241455
cancer,2,64,1,0.4,53,0.7560811638832092,1.192814588546753,1.2969220876693726,4.103746175765991
cancer,2,64,1,0.5,68,0.6267491579055786,1.1741536855697632,1.352988362312317,4.142202854156494
cancer,2,64,2,0.1,104,0.6952466368675232,1.0053178071975708,1.7353061437606812,4.324925422668457
cancer,2,64,2,0.2,163,0.6593703031539917,0.832960844039917,1.7150774002075195,2.172812461853028
cancer,2,64,2,0.3,116,0.6589341163635254,0.9566770792007446,1.6067312955856323,1.9824872016906736
cancer,2,64,2,0.4,133,0.6603666543960571,1.0008792877197266,1.3999367952346802,2.0284759998321533
cancer,2,64,2,0.5,141,0.5894256234169006,0.96743506193161,1.478266358375549,2.0641720294952397
cancer,1,1,1,0.3,148,2.1942546367645264,2.5024335384368896,2.2540132999420166,4.937000751495361
cancer,1,4,1,0.1,53,1.0279791355133057,1.6444538831710815,1.335322380065918,1.5134410858154297
cancer,2,128,1,0.1,61,0.7020614147186279,1.6006335020065308,1.439091682434082,2.097355365753174
cancer,2,128,1,0.2,14,0.7481729984283447,1.24737811088562,1.3488949537277222,1.7933754920959473
cancer,2,128,1,0.3,130,0.5635014772415161,1.2421997785568235,1.4194331169128418,2.3325936794281006
cancer,2,128,1,0.4,40,0.6703097224235535,1.2079805135726929,1.2460474967956543,1.8933801651000977
cancer,2,128,1,0.5,57,0.5561380386352539,1.1861413717269895,1.3992913961410522,1.9656567573547363
cancer,2,128,2,0.1,111,0.6574313640594482,0.9814879894256592,1.734843134880066,2.300656318664551
cancer,2,128,2,0.2,120,0.663752555847168,0.8172222971916199,1.6873276233673096,2.4534316062927246
cancer,2,128,2,0.3,99,0.6571300625801086,0.9420465230941772,1.5952739715576172,2.3323793411254883
cancer,2,128,2,0.4,97,0.6527323126792908,1.0116692781448364,1.4851696491241455,2.2926785945892334
cancer,2,128,2,0.5,96,0.624325156211853,0.9641900062561036,1.513503074645996,2.2604546546936035
cancer,1,4,1,0.2,74,1.00160551071167,1.2911475896835327,1.3380132913589478,1.5647566318511963
cancer,2,256,1,0.1,29,0.6193784475326538,1.563624382019043,1.370265245437622,2.5663297176361084
cancer,2,256,1,0.2,8,0.6689625382423401,1.2527964115142822,1.3473256826400757,2.337569236755371
cancer,2,256,1,0.3,27,0.6550367474555969,1.260616660118103,1.3746423721313477,2.4716010093688965
cancer,2,256,1,0.4,36,0.5854927897453308,1.1995311975479126,1.2969034910202026,2.533422470092773
cancer,2,256,1,0.5,14,0.5440471172332764,1.18799090385437,1.446378231048584,2.3094425201416016
cancer,2,256,2,0.1,68,0.5957897305488586,1.0176218748092651,1.7940913438796997,2.9643702507019043
cancer,2,256,2,0.2,74,0.634922444820404,0.8372506499290466,1.7223148345947266,5.940581560134888
cancer,2,256,2,0.3,69,0.6062105894088745,0.9538798928260804,1.792667269706726,5.83056640625
cancer,2,256,2,0.4,63,0.6048495173454285,1.0155171155929563,1.5052587985992432,5.715030670166016
cancer,2,256,2,0.5,63,0.5577635765075684,0.9870054125785828,1.4732202291488647,5.67140531539917
cancer,1,4,1,0.3,768,0.7857034206390381,1.2695714235305786,1.3128280639648438,2.863032579421997
cancer,2,512,1,0.1,117,0.4879716336727142,1.4967879056930542,1.807217121124268,6.270787000656128
cancer,2,512,1,0.2,79,0.4952845573425293,1.2416163682937622,1.6078064441680908,5.294559001922607
cancer,2,512,1,0.3,19,0.5321418642997742,1.2574992179870603,1.411779522895813,3.939928531646729
cancer,2,512,1,0.4,18,0.5414175987243652,1.191760540008545,1.3119795322418213,3.73431134223938
cancer,2,512,1,0.5,9,0.4965864419937134,1.1871869564056396,1.4114737510681152,3.5273776054382324
cancer,2,512,2,0.1,46,0.6134141683578491,1.0059579610824585,1.7653101682662964,4.690101623535156
cancer,2,512,2,0.2,57,0.5958881974220276,0.8257352709770203,1.860168218612671,4.703591585159302
cancer,2,512,2,0.3,38,0.5341856479644775,0.9826124310493468,1.7243732213974,4.148994445800781
cancer,2,512,2,0.4,37,0.556824803352356,1.0283044576644895,1.4471182823181152,4.064991235733032
cancer,2,512,2,0.5,43,0.5145086646080017,1.0025804042816162,1.6933821439743042,4.247521877288818
cancer,1,4,1,0.4,214,0.895127534866333,1.219082951545715,1.2922577857971191,1.8537366390228271
cancer,2,1024,1,0.1,91,0.4684534668922424,1.4043211936950684,1.7518863677978516,15.476419687271118
cancer,2,1024,1,0.2,24,0.4991726875305176,1.227566480636597,1.6228853464126587,10.755783796310425
cancer,2,1024,1,0.3,14,0.5031672120094299,1.2439020872116089,1.487655520439148,9.575908184051514
cancer,2,1024,1,0.4,13,0.513152539730072,1.1984513998031616,1.494215965270996,9.538293600082396
cancer,2,1024,1,0.5,6,0.4704784750938415,1.184998631477356,1.5076916217803955,8.875096082687378
cancer,2,1024,2,0.1,28,0.5850800275802612,1.0172808170318604,1.6794770956039429,11.18708086013794
cancer,2,1024,2,0.2,37,0.5576321482658386,0.8754634857177734,1.995770812034607,11.604527711868286
cancer,2,1024,2,0.3,25,0.5052724480628967,0.979622483253479,1.9340523481369016,10.424454927444458
cancer,2,1024,2,0.4,28,0.5295855402946472,1.0324273109436035,1.611491560935974,10.565829515457152
cancer,2,1024,2,0.5,27,0.493868738412857,1.0205613374710083,1.6756367683410645,10.419424295425417
cancer,1,4,1,0.5,212,0.862345278263092,1.183147430419922,1.2890452146530151,4.193503379821777
cancer,2,2048,1,0.1,25,0.6825224757194519,1.5575902462005615,1.5505400896072388,58.47633171081543
cancer,2,2048,1,0.2,9,0.4879285395145416,1.220524787902832,1.6096460819244385,31.500019311904907
cancer,2,2048,1,0.3,21,0.4802265167236328,1.2879728078842163,1.649951696395874,33.36105275154114
cancer,2,2048,1,0.4,19,0.6578789353370667,1.199027419090271,1.423842191696167,31.6509850025177
cancer,2,2048,1,0.5,14,0.4572362899780273,1.19383442401886,1.4996473789215088,29.499272346496586
cancer,2,2048,2,0.1,32,0.5339304804801941,1.0305185317993164,2.27889347076416,35.04760789871216
cancer,2,2048,2,0.2,24,0.5968387722969055,0.8577343225479126,1.99535071849823,31.88202023506165
cancer,2,2048,2,0.3,22,0.4951818585395813,0.9783914685249328,1.8548427820205688,30.368658542633057
cancer,2,2048,2,0.4,23,0.5315612554550171,1.0193963050842283,1.6446571350097656,29.342453241348267
cancer,2,2048,2,0.5,22,0.4900019466876983,1.0217838287353516,1.675778865814209,27.98530864715576
cancer,1,4,2,0.1,302,0.9473237991333008,0.9895177483558656,1.4995648860931396,4.351339817047119
cancer,2,4096,1,0.1,307,0.4520177245140075,1.3044075965881348,1.8243712186813357,381.5962433815002
cancer,2,4096,1,0.2,15,0.4887396097183227,1.2298709154129028,1.6400116682052612,107.62149310112
cancer,2,4096,1,0.3,30,0.4854086339473724,1.2823024988174438,1.60071063041687,117.01039576530457
cancer,2,4096,1,0.4,37,0.4899113178253174,1.2039635181427002,1.4366066455841064,118.04030656814577
cancer,2,4096,1,0.5,19,0.466034859418869,1.2190667390823364,1.4655436277389526,99.03547072410583
cancer,2,4096,2,0.1,43,0.5208499431610107,1.0615342855453491,1.7661147117614746,138.3275818824768
cancer,2,4096,2,0.2,62,0.5161363482475281,0.8298225998878479,2.117238998413086,150.58086371421814
cancer,2,4096,2,0.3,40,0.5023145079612732,0.9882227182388306,1.9673954248428345,126.2220356464386
cancer,2,4096,2,0.4,29,0.5614615082740784,1.0242770910263062,1.728590965270996,112.57566785812378
cancer,2,4096,2,0.5,37,0.4885388612747192,1.01906156539917,1.7052206993103027,113.7458930015564
cancer,1,4,2,0.2,519,0.9131484627723694,0.8296156525611877,1.5604431629180908,4.804256916046143
cancer,3,1,1,0.1,0,2.313598871231079,2.507773160934448,2.101790428161621,1.3405358791351318
cancer,3,1,1,0.2,1643,2.229581356048584,2.515109777450561,2.2492024898529053,5.33152437210083
cancer,3,1,1,0.3,1609,2.194201946258545,2.5032851696014404,2.246532917022705,5.298465013504028
cancer,3,1,1,0.4,1412,2.201624870300293,2.427427291870117,2.1817164421081543,4.9574925899505615
cancer,3,1,1,0.5,1284,2.1534640789031982,2.4197423458099365,2.25546932220459,4.889160633087158
cancer,3,1,2,0.1,1347,1.9882618188858032,2.129026174545288,2.664780616760254,5.001391410827637
cancer,3,1,2,0.2,508,2.0431602001190186,1.8416751623153689,2.649540662765503,3.1123275756835938
cancer,3,1,2,0.3,429,2.052558898925781,1.886715054512024,2.6401143074035645,2.895609140396118
cancer,3,1,2,0.4,1364,2.116436719894409,1.833612322807312,2.6461918354034424,4.544448375701904
cancer,3,1,2,0.5,874,2.136146306991577,1.890785217285156,2.5248303413391118,3.315720796585083
cancer,1,4,2,0.3,403,0.9183476567268372,0.989191710948944,1.557448148727417,4.573510408401489
cancer,3,2,1,0.1,556,1.0670560598373413,1.514919638633728,1.2586904764175415,2.702380418777466
cancer,3,2,1,0.2,824,0.8992252945899963,1.3156195878982544,1.3177626132965088,3.386809825897217
cancer,3,2,1,0.3,990,0.8843367099761963,1.2702089548110962,1.336221694946289,3.805859088897705
cancer,3,2,1,0.4,1330,0.917493224143982,1.2093820571899414,1.3417956829071045,5.374698638916016
cancer,3,2,1,0.5,815,0.8808226585388184,1.249348521232605,1.2767441272735596,4.16341757774353
cancer,3,2,2,0.1,738,1.0263253450393677,1.3707584142684937,1.6305476427078247,3.9275503158569336
cancer,3,2,2,0.2,769,1.0672982931137085,1.0277224779129028,1.621151328086853,4.011711835861206
cancer,3,2,2,0.3,786,1.0129220485687256,1.2366467714309692,1.5769678354263306,4.185984373092651
cancer,3,2,2,0.4,798,1.0251400470733645,1.1976470947265625,1.6039031744003296,3.758648872375488
cancer,3,2,2,0.5,708,1.0337791442871094,1.1859865188598633,1.5309768915176392,3.8224806785583496
cancer,1,4,2,0.4,386,0.9012041091918944,1.0535627603530884,1.3766882419586182,2.1811459064483643
cancer,3,4,1,0.1,1444,1.1161144971847534,1.845616340637207,1.5627275705337524,5.316589117050171
cancer,3,4,1,0.2,911,1.318490505218506,1.8339433670043943,1.7725330591201782,4.0747010707855225
cancer,3,4,1,0.3,1128,1.1832971572875977,1.8137595653533936,1.732084035873413,4.596134901046753
cancer,3,4,1,0.4,1701,1.0529073476791382,1.5929198265075684,1.5169967412948608,5.857078552246094
cancer,3,4,1,0.5,1788,0.9957399368286132,1.565575361251831,1.4592150449752808,6.099351644515991
cancer,3,4,2,0.1,2740,0.8882346749305725,1.3715661764144895,1.7011470794677734,8.274151086807251
cancer,3,4,2,0.2,2984,0.934950590133667,0.9317110180854796,1.6176315546035769,8.638224124908447
cancer,3,4,2,0.3,2998,0.9087281823158264,1.1925787925720217,1.564025640487671,8.840327978134155
cancer,3,4,2,0.4,559,0.8994291424751282,1.0621349811553955,1.389177918434143,3.59143328666687
cancer,3,4,2,0.5,610,0.8853735327720642,1.024369716644287,1.3640248775482178,3.349799633026123
cancer,1,4,2,0.5,438,0.8875850439071655,1.01284658908844,1.449059247970581,2.2723701000213623
cancer,3,8,1,0.1,255,0.8374447226524353,1.5893666744232178,1.3245819807052612,2.7351267337799072
cancer,3,8,1,0.2,200,0.8433298468589783,1.3173601627349854,1.348987102508545,2.334413766860962
cancer,3,8,1,0.3,336,0.7140384912490845,1.2909687757492063,1.394640564918518,1.9881439208984373
cancer,3,8,1,0.4,219,0.8448282480239868,1.2814832925796509,1.3120654821395874,1.8165650367736816
cancer,3,8,1,0.5,378,0.6403549313545227,1.311637282371521,1.3771401643753052,2.1141366958618164
cancer,3,8,2,0.1,332,0.8953916430473328,1.0054107904434204,1.6140958070755005,2.123265027999878
cancer,3,8,2,0.2,243,0.9822974801063538,0.9443252682685852,1.5385429859161377,1.756014108657837
cancer,3,8,2,0.3,361,0.8680047988891602,1.0423588752746582,1.6534382104873655,2.0595688819885254
cancer,3,8,2,0.4,360,0.8770225644111633,1.114610195159912,1.337785720825195,2.012267589569092
cancer,3,8,2,0.5,339,0.8425849080085754,1.088828444480896,1.4955109357833862,2.286053419113159
cancer,1,1,1,0.4,0,2.2139673233032227,2.393975019454956,2.295862913131714,4.519073247909546
cancer,1,8,1,0.1,78,1.009296417236328,1.5847047567367554,1.3045846223831177,1.5805175304412842
cancer,3,16,1,0.1,118,0.7835834622383118,1.606260061264038,1.3412014245986938,1.6970622539520264
cancer,3,16,1,0.2,167,0.7047412395477295,1.3010460138320925,1.4021637439727783,1.8374085426330569
cancer,3,16,1,0.3,190,0.6924168467521667,1.3160275220870972,1.4324806928634644,1.9325697422027588
cancer,3,16,1,0.4,113,0.7589368224143982,1.2488726377487185,1.3128466606140137,1.6842846870422363
cancer,3,16,1,0.5,127,0.6594603657722473,1.232417106628418,1.3977210521697998,1.7576806545257568
cancer,3,16,2,0.1,187,0.8087417483329773,0.9931847453117372,1.6201086044311523,1.9195704460144043
cancer,3,16,2,0.2,262,0.6801345944404602,0.8448828458786011,1.584511399269104,1.9635071754455569
cancer,3,16,2,0.3,227,0.6842788457870483,0.9904679656028748,1.5755980014801023,1.9566895961761477
cancer,3,16,2,0.4,306,0.6752211451530457,1.0491713285446167,1.4721771478652954,2.047855854034424
cancer,3,16,2,0.5,225,0.6371868848800659,0.9884341955184937,1.4613360166549685,1.8155555725097656
cancer,1,8,1,0.2,220,0.9321315884590148,1.2515335083007812,1.2829095125198364,1.8661458492279053
cancer,3,32,1,0.1,116,0.7484645843505859,1.561304211616516,1.352230191230774,1.6441690921783447
cancer,3,32,1,0.2,99,0.8277403712272644,1.245200753211975,1.3526049852371216,1.5873918533325195
cancer,3,32,1,0.3,93,0.8162071704864502,1.2703526020050049,1.350895881652832,3.614108085632324
cancer,3,32,1,0.4,78,0.848468542098999,1.1985944509506226,1.302945613861084,3.518744945526123
cancer,3,32,1,0.5,95,0.7639975547790527,1.1713008880615234,1.31817889213562,3.5811383724212646
cancer,3,32,2,0.1,197,0.7298961281776428,0.9681063294410706,1.647331714630127,3.9116439819335938
cancer,3,32,2,0.2,199,0.7235509753227234,0.8342137336730957,1.6283830404281616,2.16211485862732
cancer,3,32,2,0.3,162,0.7028892636299133,0.9617886543273926,1.7014110088348389,2.0240366458892822
cancer,3,32,2,0.4,148,0.7249104976654053,1.0334713459014893,1.4759844541549685,1.9757053852081297
cancer,3,32,2,0.5,212,0.6443584561347961,1.0054537057876587,1.458693504333496,2.1512277126312256
cancer,1,8,1,0.3,294,0.8541926145553589,1.266005277633667,1.3204559087753296,2.0052309036254883
cancer,3,64,1,0.1,24,0.8104791641235352,1.5139306783676147,1.3419207334518433,1.7519481182098389
cancer,3,64,1,0.2,26,0.8058373928070068,1.2316454648971558,1.332833766937256,1.7233242988586426
cancer,3,64,1,0.3,47,0.731360137462616,1.2537113428115845,1.3148906230926514,1.7887730598449707
cancer,3,64,1,0.4,48,0.7487702965736389,1.1970019340515137,1.2079033851623535,1.8177132606506348
cancer,3,64,1,0.5,73,0.6348864436149597,1.171971321105957,1.292034149169922,1.8900690078735352
cancer,3,64,2,0.1,128,0.6745258569717407,1.0257059335708618,1.7503503561019895,2.237101793289185
cancer,3,64,2,0.2,97,0.7247940301895142,0.86857008934021,1.6250059604644775,2.094743013381958
cancer,3,64,2,0.3,94,0.6494580507278442,1.0036994218826294,1.6841254234313965,2.071540117263794
cancer,3,64,2,0.4,122,0.6413074731826782,1.024932622909546,1.4236167669296265,2.1987032890319824
cancer,3,64,2,0.5,117,0.6263858079910278,0.9888132214546204,1.5218561887741089,2.1319100856781006
cancer,1,8,1,0.4,220,0.8971231579780579,1.2117624282836914,1.2623049020767212,1.8513193130493164
cancer,3,128,1,0.1,13,0.791680097579956,1.5896228551864624,1.3762831687927246,2.039956331253052
cancer,3,128,1,0.2,53,0.6442800164222717,1.2611632347106934,1.369588017463684,2.2982420921325684
cancer,3,128,1,0.3,39,0.6639235019683838,1.2509040832519531,1.3451858758926392,2.183485507965088
cancer,3,128,1,0.4,36,0.6654019951820374,1.1979652643203735,1.401302695274353,2.124699354171753
cancer,3,128,1,0.5,48,0.5435994267463684,1.173040747642517,1.3869105577468872,2.1826331615448
cancer,3,128,2,0.1,115,0.6397804021835327,0.9852303266525269,1.7988420724868774,2.5323164463043213
cancer,3,128,2,0.2,121,0.6406047344207764,0.788701593875885,1.7368804216384888,6.392124652862549
cancer,3,128,2,0.3,109,0.6701796650886536,0.9206019043922424,1.680105447769165,6.29928994178772
cancer,3,128,2,0.4,101,0.6536486148834229,0.9768388271331788,1.4703412055969238,6.194685459136963
cancer,3,128,2,0.5,106,0.5905231833457947,0.96753990650177,1.471230149269104,6.2227818965911865
cancer,1,8,1,0.5,231,0.8393190503120422,1.1673731803894043,1.2521501779556274,1.851979732513428
cancer,3,256,1,0.1,8,0.6642494201660156,1.5689479112625122,1.3832340240478516,2.75040340423584
cancer,3,256,1,0.2,8,0.6354902982711792,1.2480703592300415,1.3876038789749146,2.6915454864501958
cancer,3,256,1,0.3,26,0.5761758089065552,1.247039794921875,1.3621171712875366,2.8820583820343018
cancer,3,256,1,0.4,26,0.6099746227264404,1.1966241598129272,1.2566205263137815,2.8370862007141118
cancer,3,256,1,0.5,21,0.5229446887969971,1.1715154647827148,1.40396249294281,2.716206312179565
cancer,3,256,2,0.1,53,0.5823125839233398,1.0209312438964844,1.800642490386963,3.23157000541687
cancer,3,256,2,0.2,57,0.5812512040138245,0.8515660762786865,1.8941959142684937,3.2210865020751958
cancer,3,256,2,0.3,50,0.5620085597038269,0.9746649861335754,1.9026013612747192,3.088329076766968
cancer,3,256,2,0.4,52,0.5938960313796997,1.021098494529724,1.6516706943511963,3.0611369609832764
cancer,3,256,2,0.5,59,0.5181659460067749,0.98935467004776,1.694753885269165,2.913865089416504
cancer,1,8,2,0.1,449,0.9162677526474,1.0246599912643433,1.4765616655349731,2.2692620754241943
cancer,3,512,1,0.1,33,0.5302189588546753,1.546422004699707,1.745012283325195,6.134851932525635
cancer,3,512,1,0.2,38,0.5343372821807861,1.2777743339538574,1.696893334388733,6.228822469711304
cancer,3,512,1,0.3,33,0.5194418430328369,1.2307840585708618,1.627896785736084,5.815988540649414
cancer,3,512,1,0.4,29,0.5196898579597473,1.1734472513198853,1.4606704711914062,5.386308908462524
cancer,3,512,1,0.5,16,0.4708212614059448,1.167266845703125,1.450152039527893,4.824077606201172
cancer,3,512,2,0.1,42,0.5316237211227417,1.006661295890808,1.9591407775878904,6.527791738510132
cancer,3,512,2,0.2,41,0.6000682711601257,0.8611084222793579,1.711841344833374,6.305501937866211
cancer,3,512,2,0.3,32,0.5285621285438538,0.9797072410583496,1.9340556859970093,5.804259300231934
cancer,3,512,2,0.4,34,0.535423755645752,1.0233901739120483,1.49972403049469,5.746528148651123
cancer,3,512,2,0.5,32,0.4941500425338745,1.0153672695159912,1.6939836740493774,4.804588794708252
cancer,1,8,2,0.2,397,0.9779101014137268,0.8752934336662292,1.423183798789978,2.193871259689331
cancer,3,1024,1,0.1,207,0.4527021646499634,1.4677749872207642,1.861388087272644,42.459534883499146
cancer,3,1024,1,0.2,20,0.5005378127098083,1.2173584699630735,1.562376856803894,19.159459590911865
cancer,3,1024,1,0.3,37,0.5006105899810791,1.2651770114898682,1.5482596158981323,20.589709281921387
cancer,3,1024,1,0.4,34,0.553686797618866,1.1839097738265991,1.3622010946273804,20.27135682106018
cancer,3,1024,1,0.5,22,0.5107395052909851,1.1685434579849243,1.285600185394287,15.587909460067747
cancer,3,1024,2,0.1,35,0.478790283203125,0.9928276538848876,2.2063064575195312,19.132735013961792
cancer,3,1024,2,0.2,25,0.6013372540473938,0.8871071934700012,2.1725668907165527,17.514451265335083
cancer,3,1024,2,0.3,26,0.4950264692306518,0.978174924850464,1.7576959133148191,17.090411901474
cancer,3,1024,2,0.4,25,0.5591055154800415,1.0447354316711426,1.4471818208694458,16.465527772903442
cancer,3,1024,2,0.5,20,0.5117185711860657,1.0266637802124023,1.4037758111953735,15.03485918045044
cancer,1,8,2,0.3,894,0.760132908821106,0.9974099397659302,1.5500012636184692,3.071291923522949
cancer,3,2048,1,0.1,25,0.4789429903030395,1.544592022895813,1.682238221168518,60.80918431282044
cancer,3,2048,1,0.2,10,0.4768172204494476,1.2283318042755127,1.6596931219100952,52.27739214897156
cancer,3,2048,1,0.3,34,0.5036076307296753,1.3109699487686155,1.5862042903900146,60.80140542984009
cancer,3,2048,1,0.4,26,0.4849857091903686,1.2203288078308103,1.5209949016571045,59.06724166870117
cancer,3,2048,1,0.5,13,0.4598300755023956,1.189594030380249,1.4845143556594849,51.11529064178467
cancer,3,2048,2,0.1,28,0.5034205317497253,1.047257661819458,2.776219606399536,66.12142443656921
cancer,3,2048,2,0.2,20,0.5417947173118591,0.8911222815513611,2.207263708114624,60.51181316375733
cancer,3,2048,2,0.3,26,0.5002764463424683,0.9992594718933104,1.9502910375595093,61.28518199920654
cancer,3,2048,2,0.4,21,0.5214717388153076,1.0240243673324585,1.64608895778656,56.69021272659302
cancer,3,2048,2,0.5,19,0.4863245785236358,1.0199464559555054,1.7023965120315552,53.936039209365845
cancer,1,8,2,0.4,440,0.8858005404472351,1.0678479671478271,1.3254740238189695,2.318885803222656
cancer,3,4096,1,0.1,126,0.4524319767951965,1.419026017189026,1.9321589469909668,417.352343082428
cancer,3,4096,1,0.2,17,0.4867600798606872,1.201493263244629,1.777184009552002,212.83866953849792
cancer,3,4096,1,0.3,34,0.4791673719882965,1.2505285739898682,1.5956716537475586,233.70865035057068
cancer,3,4096,1,0.4,27,0.4895245730876922,1.1700451374053955,1.5530498027801514,206.10408329963684
cancer,3,4096,1,0.5,22,0.4626848101615906,1.1628063917160034,1.406315803527832,195.30913400650024
cancer,3,4096,2,0.1,35,0.4592457115650177,1.0047338008880615,2.356096744537353,251.9361796379089
cancer,3,4096,2,0.2,33,0.510080099105835,0.8744387626647949,2.1278624534606934,240.81122994422915
cancer,3,4096,2,0.3,33,0.4885559678077698,0.9945098161697388,1.8577184677124023,231.95406579971316
cancer,3,4096,2,0.4,33,0.5102841258049011,1.0525307655334473,1.7526565790176392,218.3375558853149
cancer,3,4096,2,0.5,36,0.4842191636562347,1.0570091009140017,1.841766119003296,214.18484473228452
cancer,1,8,2,0.5,566,0.8851032257080078,1.0323551893234253,1.3788741827011108,2.519103527069092
cancer,4,1,1,0.1,3424,2.2495903968811035,2.630765676498413,2.2967677116394043,10.371157884597778
cancer,4,1,1,0.2,1373,2.230252981185913,2.514106035232544,2.276585817337036,5.125382661819458
cancer,4,1,1,0.3,1436,2.194709062576294,2.5024335384368896,2.2703311443328857,5.219659328460693
cancer,4,1,1,0.4,708,2.226539373397827,2.393972635269165,2.350270748138428,3.211015224456787
cancer,4,1,1,0.5,2499,2.1534643173217773,2.4197423458099365,2.255894184112549,7.4896252155303955
cancer,4,1,2,0.1,4659,1.9882616996765137,2.129026412963867,2.6647675037384038,13.52406358718872
cancer,4,1,2,0.2,2806,2.043504476547241,1.8416751623153689,2.637651205062866,8.832942724227905
cancer,4,1,2,0.3,2558,2.053552389144897,1.886715054512024,2.6219425201416016,8.285858869552612
cancer,4,1,2,0.4,4899,2.116436719894409,1.833612322807312,2.6461899280548096,13.802610397338867
cancer,4,1,2,0.5,4604,2.136146068572998,1.8907859325408936,2.5248279571533203,12.46491289138794
cancer,1,1,1,0.5,350,2.1534640789031982,2.4197423458099365,2.255598783493042,5.378283739089966
cancer,1,16,1,0.1,237,0.8468654155731201,1.5891963243484497,1.2993135452270508,1.9326202869415283
cancer,4,2,1,0.1,93,2.3331215381622314,2.5070979595184326,2.085296392440796,1.8445091247558596
cancer,4,2,1,0.2,2149,2.229581594467163,2.515109777450561,2.249202013015747,7.323348999023437
cancer,4,2,1,0.3,2105,2.194201946258545,2.5032851696014404,2.246532440185547,7.139425039291382
cancer,4,2,1,0.4,1945,2.201624870300293,2.427427291870117,2.1817164421081543,6.792848587036133
cancer,4,2,1,0.5,1705,2.1534640789031982,2.4197423458099365,2.2554543018341064,6.040243625640869
cancer,4,2,2,0.1,873,1.9882616996765137,2.129026174545288,2.664782285690308,3.839801788330078
cancer,4,2,2,0.2,287,2.043042659759521,1.8416751623153689,2.6551764011383057,2.4771313667297363
cancer,4,2,2,0.3,231,2.0522329807281494,1.886715292930603,2.6479780673980717,2.3659815788269043
cancer,4,2,2,0.4,859,2.116436719894409,1.833612322807312,2.6461923122406006,3.779826879501343
cancer,4,2,2,0.5,283,2.136146306991577,1.890784502029419,2.524831295013428,2.2009918689727783
cancer,1,16,1,0.2,45,0.9704498052597046,1.2594579458236694,1.3201552629470823,1.533792495727539
cancer,4,4,1,0.1,395,0.9242501258850098,1.505900263786316,1.281969666481018,2.551980495452881
cancer,4,4,1,0.2,374,0.9244468808174132,1.24641215801239,1.2860291004180908,2.480292320251465
cancer,4,4,1,0.3,415,0.8906047344207764,1.250710129737854,1.3325618505477903,2.541187524795532
cancer,4,4,1,0.4,331,0.9156357049942015,1.203311562538147,1.2661229372024536,2.3212785720825195
cancer,4,4,1,0.5,350,0.8643286228179932,1.1719284057617188,1.2573258876800537,2.353659152984619
cancer,4,4,2,0.1,457,0.9347096681594848,1.006953477859497,1.5186601877212524,2.63018536567688
cancer,4,4,2,0.2,494,0.9658555388450624,0.8639318346977234,1.4766770601272583,3.123952865600586
cancer,4,4,2,0.3,523,0.9331988096237184,1.01263427734375,1.503868818283081,3.254381895065308
cancer,4,4,2,0.4,246,1.0753575563430786,1.1287240982055664,1.325932860374451,2.4141745567321777
cancer,4,4,2,0.5,580,0.8487762808799744,1.0531926155090332,1.3806219100952148,3.419605493545532
cancer,1,16,1,0.3,142,0.8777281045913696,1.2762658596038818,1.357292890548706,1.7382569313049316
cancer,4,8,1,0.1,229,0.8273740410804749,1.5436967611312866,1.3594380617141724,2.3788809776306152
cancer,4,8,1,0.2,202,0.8072591423988342,1.2795498371124268,1.3463730812072754,2.3002676963806152
cancer,4,8,1,0.3,218,0.7900380492210388,1.2886394262313845,1.375000238418579,2.3568146228790283
cancer,4,8,1,0.4,191,0.8275951147079468,1.2116165161132812,1.3080143928527832,2.217851400375366
cancer,4,8,1,0.5,286,0.7778069376945496,1.1970194578170776,1.3014259338378906,2.500107526779175
cancer,4,8,2,0.1,283,0.8803484439849854,1.0118398666381836,1.5844560861587524,2.47828221321106
cancer,4,8,2,0.2,265,0.9201063513755798,0.8930724859237671,1.5670145750045776,2.433774709701538
cancer,4,8,2,0.3,328,0.8406471610069275,0.980892777442932,1.601489543914795,2.6002347469329834
cancer,4,8,2,0.4,387,0.7710766792297363,1.0439499616622925,1.3981410264968872,2.7739362716674805
cancer,4,8,2,0.5,432,0.6795215010643005,1.017831563949585,1.4775428771972656,2.905825614929199
cancer,1,16,1,0.4,94,0.9003167152404785,1.2190256118774414,1.2942357063293457,1.634378433227539
cancer,4,16,1,0.1,182,0.7995163202285767,1.5317542552947998,1.3091541528701782,1.9965519905090328
cancer,4,16,1,0.2,146,0.8007463216781616,1.2558050155639648,1.3167510032653809,1.898730516433716
cancer,4,16,1,0.3,123,0.8399080634117126,1.2642369270324707,1.3336100578308103,1.94309401512146
cancer,4,16,1,0.4,121,0.8256353139877319,1.203113675117493,1.3008638620376587,1.9244287014007568
cancer,4,16,1,0.5,150,0.7426379323005676,1.1683458089828491,1.282039761543274,2.016883134841919
cancer,4,16,2,0.1,211,0.7149366140365601,0.9978504180908204,1.6511149406433103,2.198345899581909
cancer,4,16,2,0.2,245,0.76526939868927,0.8733348846435547,1.590031623840332,2.2032687664031982
cancer,4,16,2,0.3,218,0.7914872169494629,0.9706264734268188,1.6892699003219604,2.158473491668701
cancer,4,16,2,0.4,251,0.7356306910514832,1.048639178276062,1.4867945909500122,2.283304452896118
cancer,4,16,2,0.5,216,0.7645105123519897,1.0065137147903442,1.402417540550232,2.133458137512207
cancer,1,16,1,0.5,150,0.823574423789978,1.1959984302520752,1.2882524728775024,1.7580914497375488
cancer,4,32,1,0.1,101,0.7868442535400391,1.5344644784927368,1.3786134719848633,2.1517317295074463
cancer,4,32,1,0.2,108,0.7800158858299255,1.226169228553772,1.3668252229690552,2.1637024879455566
cancer,4,32,1,0.3,100,0.73880934715271,1.2680442333221436,1.3855571746826172,2.1004083156585693
cancer,4,32,1,0.4,76,0.789362370967865,1.202730417251587,1.274311900138855,2.0643227100372314
cancer,4,32,1,0.5,92,0.7359338402748108,1.1681180000305176,1.2833280563354492,2.090238094329834
cancer,4,32,2,0.1,212,0.6900737881660461,1.0116151571273804,1.6477130651474,2.522655963897705
cancer,4,32,2,0.2,201,0.7139149308204651,0.8293144702911377,1.5973775386810305,2.502161026000977
cancer,4,32,2,0.3,178,0.7436694502830505,0.9936932921409608,1.6495991945266724,2.36892318725586
cancer,4,32,2,0.4,192,0.7114874720573425,1.0470056533813477,1.4274163246154783,2.37816858291626
cancer,4,32,2,0.5,186,0.706056535243988,1.0321308374404907,1.3841571807861328,2.3257391452789307
cancer,1,16,2,0.1,230,0.8927030563354492,0.97322416305542,1.5719784498214722,1.9607946872711184
cancer,4,64,1,0.1,83,0.6823161840438843,1.610338807106018,1.4159486293792725,2.262286424636841
cancer,4,64,1,0.2,64,0.7215627431869507,1.2559916973114014,1.3635748624801636,2.133830547332764
cancer,4,64,1,0.3,64,0.7119603157043457,1.2616957426071167,1.4082547426223757,1.9488904476165767
cancer,4,64,1,0.4,59,0.7013729214668274,1.1934758424758911,1.2789019346237185,1.997711181640625
cancer,4,64,1,0.5,48,0.6150345206260681,1.1664129495620728,1.36860990524292,1.81111741065979
cancer,4,64,2,0.1,139,0.6852656006813049,1.043085694313049,1.6119914054870603,2.2600419521331787
cancer,4,64,2,0.2,151,0.7042120695114136,0.8359194993972778,1.5743372440338137,2.894961357116699
cancer,4,64,2,0.3,134,0.6798691153526306,0.96774023771286,1.5684987306594849,2.3710386753082275
cancer,4,64,2,0.4,115,0.6792970299720764,1.0069804191589355,1.4233254194259644,2.26745343208313
cancer,4,64,2,0.5,119,0.6727938055992126,1.0173593759536743,1.4932812452316284,2.262877941131592
cancer,1,16,2,0.2,237,0.920486569404602,0.846250057220459,1.535670280456543,1.9431483745574951
cancer,4,128,1,0.1,53,0.6482143998146057,1.5662068128585815,1.321582913398743,2.477998733520508
cancer,4,128,1,0.2,38,0.6735711097717285,1.2720431089401243,1.3823630809783936,2.2635397911071777
cancer,4,128,1,0.3,36,0.6743489503860474,1.257473349571228,1.3350615501403809,2.234395980834961
cancer,4,128,1,0.4,32,0.7247264981269836,1.1955845355987549,1.274733304977417,2.177873134613037
cancer,4,128,1,0.5,28,0.6036301255226135,1.174161434173584,1.5291216373443604,2.1307477951049805
cancer,4,128,2,0.1,105,0.6126227974891663,1.0259360074996948,1.9008026123046875,2.915781259536743
cancer,4,128,2,0.2,98,0.6322919130325317,0.807305097579956,1.804474949836731,2.793982982635498
cancer,4,128,2,0.3,108,0.6272168159484863,0.9299682974815368,1.7827060222625732,2.8522958755493164
cancer,4,128,2,0.4,102,0.6734052300453186,0.9826897382736206,1.723529815673828,2.75993275642395
cancer,4,128,2,0.5,85,0.5585549473762512,1.0101988315582275,1.5672577619552612,2.592984676361084
cancer,1,16,2,0.3,428,0.8065810799598694,0.9722249507904052,1.5430727005004885,2.3256452083587646
cancer,4,256,1,0.1,51,0.6028954386711121,1.563694715499878,1.528397560119629,3.851940870285034
cancer,4,256,1,0.2,89,0.5412206053733826,1.2556025981903076,1.4877727031707764,4.405725479125977
cancer,4,256,1,0.3,39,0.5700520873069763,1.2534220218658447,1.4225870370864868,3.5533783435821533
cancer,4,256,1,0.4,37,0.5446344614028931,1.181004762649536,1.3197754621505735,3.4393420219421387
cancer,4,256,1,0.5,22,0.5151428580284119,1.1726405620574951,1.441325068473816,3.0395331382751465
cancer,4,256,2,0.1,69,0.5722519755363464,0.964091420173645,1.7427948713302612,4.098945617675781
cancer,4,256,2,0.2,78,0.5816575288772583,0.7922797203063965,1.7602163553237915,4.159404277801514
cancer,4,256,2,0.3,59,0.5683348774909973,0.9444276690483092,1.8280110359191892,3.744546413421631
cancer,4,256,2,0.4,50,0.5547384023666382,0.99564790725708,1.484700083732605,3.5444130897521973
cancer,4,256,2,0.5,64,0.5287802219390869,0.989957869052887,1.5319430828094482,3.6379358768463135
cancer,1,16,2,0.4,287,0.8610544204711914,1.0385531187057495,1.3777213096618652,4.875094652175903
cancer,4,512,1,0.1,115,0.5432059168815613,1.4689035415649414,1.4704571962356567,12.516599416732788
cancer,4,512,1,0.2,37,0.493927925825119,1.251670241355896,1.6380736827850342,8.671854496002197
cancer,4,512,1,0.3,34,0.5387376546859741,1.240440011024475,1.368948221206665,8.279959440231323
cancer,4,512,1,0.4,33,0.4993166923522949,1.178835391998291,1.365949034690857,7.398216485977173
cancer,4,512,1,0.5,19,0.4772185087203979,1.175895929336548,1.543291687965393,6.353371620178223
cancer,4,512,2,0.1,53,0.4819951951503753,0.9739879369735718,2.0255448818206787,8.990217208862305
cancer,4,512,2,0.2,45,0.5134262442588806,0.8515087366104126,2.039809465408325,8.524945974349976
cancer,4,512,2,0.3,45,0.4995338022708893,0.9819265604019164,1.886730432510376,8.130563497543335
cancer,4,512,2,0.4,34,0.6830028295516968,1.034264326095581,1.6463418006896973,7.306442737579346
cancer,4,512,2,0.5,41,0.6047331690788269,1.0225948095321655,1.513362169265747,7.313387393951416
cancer,1,16,2,0.5,300,0.8556051850318909,1.0112199783325195,1.438902735710144,4.941567420959473
cancer,4,1024,1,0.1,117,0.4549619853496551,1.4170446395874023,1.813496708869934,39.92513847351074
cancer,4,1024,1,0.2,25,0.4990738928318023,1.2869751453399658,1.5599216222763062,23.93532633781433
cancer,4,1024,1,0.3,26,0.4837011396884918,1.2602839469909668,1.5362154245376587,23.08813428878784
cancer,4,1024,1,0.4,35,0.4884569346904754,1.1641645431518557,1.5160253047943115,25.709304809570312
cancer,4,1024,1,0.5,19,0.4586705267429352,1.1837077140808103,1.4222465753555298,22.23172163963318
cancer,4,1024,2,0.1,76,0.4881705343723297,0.9532342553138732,1.845752954483032,35.20537090301514
cancer,4,1024,2,0.2,27,0.5108338594436646,0.8792265057563782,2.1128926277160645,25.88786792755127
cancer,4,1024,2,0.3,25,0.4943738281726837,1.0011144876480105,1.986544370651245,24.491178035736084
cancer,4,1024,2,0.4,17,0.5220292210578918,1.0403220653533936,1.5689963102340698,22.49828028678894
cancer,4,1024,2,0.5,20,0.4875653684139251,1.0404878854751587,1.6211379766464231,22.526886463165283
cancer,1,1,2,0.1,3118,1.9882616996765137,2.129026174545288,2.6647772789001465,6.511178731918335
cancer,1,32,1,0.1,30,0.9683367609977722,1.5934860706329346,1.3169218301773071,4.271772861480713
cancer,4,2048,1,0.1,23,0.4702817499637604,1.5722196102142334,1.732993483543396,88.73584985733032
cancer,4,2048,1,0.2,15,0.4863054752349853,1.2853907346725464,1.66427481174469,80.34416651725769
cancer,4,2048,1,0.3,16,0.4762920141220093,1.309933066368103,1.6106462478637695,74.97105407714844
cancer,4,2048,1,0.4,32,0.4857313632965088,1.2290925979614258,1.5244711637496948,81.23649573326111
cancer,4,2048,1,0.5,15,0.457379400730133,1.202608942985535,1.4623663425445557,73.03639340400696
cancer,4,2048,2,0.1,38,0.4629314541816711,1.0102417469024658,2.463157415390014,101.19031691551208
cancer,4,2048,2,0.2,32,0.5069132447242737,0.8503296375274658,2.084169626235962,94.09140729904176
cancer,4,2048,2,0.3,37,0.4846436977386474,1.000708818435669,2.111623287200928,93.84079718589784
cancer,4,2048,2,0.4,30,0.5153616070747375,1.0490410327911377,1.7740944623947144,84.93718957901001
cancer,4,2048,2,0.5,28,0.4846677184104919,1.0366241931915283,1.768314242362976,80.12915873527527
cancer,1,32,1,0.2,38,0.9487800598144532,1.2255760431289673,1.320811152458191,4.295085430145264
cancer,4,4096,1,0.1,11,0.5200311541557312,1.3992372751235962,1.6175323724746704,307.4102942943573
cancer,4,4096,1,0.2,12,0.4809066653251648,1.2540526390075684,1.698167085647583,301.1288974285126
cancer,4,4096,1,0.3,20,0.4794105589389801,1.2619754076004028,1.6208876371383667,311.0149233341217
cancer,4,4096,1,0.4,24,0.4931592941284179,1.1770387887954712,1.460978627204895,307.78158926963806
cancer,4,4096,1,0.5,17,0.4664367437362671,1.1582810878753662,1.3750897645950315,275.322448015213
cancer,4,4096,2,0.1,59,0.461438238620758,0.9558985829353333,2.42179799079895,434.9267408847809
cancer,4,4096,2,0.2,46,0.5090352892875671,0.7711437940597534,2.4787309169769287,389.263965845108
cancer,4,4096,2,0.3,39,0.4905773103237152,0.9657465815544128,2.025559425354004,358.0744650363922
cancer,4,4096,2,0.4,40,0.5239746570587158,1.026869773864746,1.7429717779159546,337.9015533924103
cancer,4,4096,2,0.5,39,0.4853525757789612,1.0011796951293943,1.7369786500930786,321.3237431049347
cancer,1,32,1,0.3,245,0.7508742809295654,1.2618119716644287,1.3134560585021973,4.883835077285767
cancer,1,32,1,0.4,119,0.8375235199928284,1.2157869338989258,1.2765625715255735,1.7497293949127195
cancer,1,32,1,0.5,134,0.777937650680542,1.1846468448638916,1.288586139678955,1.7760958671569824
cancer,1,32,2,0.1,233,0.8688092827796936,1.01286518573761,1.5362375974655151,2.0286567211151123
cancer,1,32,2,0.2,232,0.8970288634300232,0.8889270424842834,1.49944007396698,2.013532876968384
cancer,1,32,2,0.3,335,0.7752636671066284,0.9711875319480896,1.558243989944458,2.24045205116272
cancer,1,32,2,0.4,317,0.8042619824409485,1.0313341617584229,1.391379475593567,2.17742133140564
cancer,1,32,2,0.5,321,0.8115808367729187,1.0234471559524536,1.4166579246520996,2.1746442317962646
cancer,1,1,2,0.2,1560,2.043410539627075,1.8416751623153689,2.6404824256896973,4.053496599197388
cancer,1,64,1,0.1,107,0.7971646189689636,1.6046907901763916,1.3069804906845093,1.8321826457977293
cancer,1,64,1,0.2,24,0.9036794900894164,1.226067066192627,1.310692548751831,1.5966153144836426
cancer,1,64,1,0.3,88,0.8050556778907776,1.273794412612915,1.3210924863815308,1.773906707763672
cancer,1,64,1,0.4,71,0.8208350539207458,1.2194842100143433,1.2660375833511353,1.7195167541503906
cancer,1,64,1,0.5,85,0.7613222599029541,1.1889716386795044,1.2819522619247437,1.75170636177063
cancer,1,64,2,0.1,205,0.7625691294670105,0.9872585535049438,1.565542459487915,2.115330457687378
cancer,1,64,2,0.2,255,0.7503473162651062,0.8472022414207458,1.540006399154663,2.232022523880005
cancer,1,64,2,0.3,218,0.7574769854545593,0.9843735694885254,1.506502389907837,2.140856981277466
cancer,1,64,2,0.4,218,0.7661781311035156,1.053866624832153,1.3764123916625977,2.130049467086792
cancer,1,64,2,0.5,207,0.7626431584358215,1.0169732570648191,1.392310619354248,2.0895767211914062
cancer,1,1,2,0.3,1381,2.0532617568969727,1.886715054512024,2.626654863357544,3.7328343391418457
cancer,1,128,1,0.1,93,0.7412566542625427,1.599267840385437,1.3380966186523438,1.9711322784423828
cancer,1,128,1,0.2,16,0.855375349521637,1.2387959957122805,1.3219938278198242,1.6702980995178225
cancer,1,128,1,0.3,221,0.593676745891571,1.263396143913269,1.3511945009231567,5.297855854034424
cancer,1,128,1,0.4,73,0.7529029250144958,1.220584750175476,1.256051540374756,4.6882147789001465
cancer,1,128,1,0.5,98,0.6277041435241699,1.1923658847808838,1.3055270910263062,4.802550554275513
cancer,1,128,2,0.1,138,0.7522570490837097,0.9978698492050172,1.6217182874679563,5.002787351608276
cancer,1,128,2,0.2,173,0.750276505947113,0.8489017486572266,1.5701005458831787,5.1302478313446045
cancer,1,128,2,0.3,162,0.7143002152442932,0.965185046195984,1.5600814819335938,2.1492345333099365
cancer,1,128,2,0.4,128,0.7338458895683289,1.0220617055892944,1.4000829458236694,2.0370121002197266
cancer,1,128,2,0.5,146,0.6923937797546387,0.9920539259910583,1.4544854164123535,2.0698187351226807
cancer,1,1,2,0.4,3213,2.116436719894409,1.833612322807312,2.6461901664733887,6.720579624176025
cancer,1,256,1,0.1,73,0.6970764398574829,1.6012929677963257,1.3339592218399048,2.1594057083129883
cancer,1,256,1,0.2,12,0.799879789352417,1.237921953201294,1.3129632472991943,1.8206753730773928
cancer,1,256,1,0.3,113,0.6170694231987,1.2698214054107666,1.3558136224746704,2.326180458068848
cancer,1,256,1,0.4,57,0.6992287635803223,1.2226921319961548,1.2678143978118896,1.9916000366210935
cancer,1,256,1,0.5,67,0.5987352728843689,1.1921107769012451,1.3583509922027588,2.020655870437622
cancer,1,256,2,0.1,110,0.6965616345405579,1.0054339170455933,1.6472039222717283,2.3172860145568848
cancer,1,256,2,0.2,118,0.7262230515480042,0.8635718822479248,1.6122616529464722,2.33193588256836
cancer,1,256,2,0.3,112,0.6848278045654297,0.9649220705032348,1.6577160358428955,2.2841200828552246
cancer,1,256,2,0.4,103,0.6857388615608215,1.016266107559204,1.4217891693115234,2.228031873703003
cancer,1,256,2,0.5,107,0.6378893256187439,0.9916244149208068,1.4636237621307373,2.195655345916748
cancer,1,1,2,0.5,2853,2.136146068572998,1.890785813331604,2.5248284339904785,6.19282341003418
cancer,1,512,1,0.1,57,0.6562183499336243,1.5954039096832275,1.319347262382507,2.5734825134277344
cancer,1,512,1,0.2,8,0.7602410912513733,1.2397640943527222,1.318221926689148,2.1200292110443115
cancer,1,512,1,0.3,142,0.5517856478691101,1.273168444633484,1.4634017944335938,3.199116468429565
cancer,1,512,1,0.4,47,0.6408580541610718,1.2136809825897217,1.2708920240402222,2.4090263843536377
cancer,1,512,1,0.5,52,0.5489104390144348,1.1941113471984863,1.3387500047683716,2.412466049194336
cancer,1,512,2,0.1,91,0.6552501320838928,0.9908598065376282,1.693861961364746,2.887988805770874
cancer,1,512,2,0.2,77,0.6940717101097107,0.8558300733566284,1.615528583526611,5.890316486358643
cancer,1,512,2,0.3,90,0.6325348019599915,0.9661627411842346,1.715938925743103,6.027810335159302
cancer,1,512,2,0.4,79,0.6407369375228882,1.0243467092514038,1.4984378814697266,5.820318937301636
cancer,1,512,2,0.5,86,0.5935823917388916,0.9973344206809998,1.4867491722106934,5.839733362197876
