sequenceID,X1.lower,X1.upper,X2.lower,X2.upper,X3.lower,X3.upper,X4.lower,X4.upper,X5.lower,X5.upper,X6.lower,X6.upper,X7.lower,X7.upper,X8.lower,X8.upper,X9.lower,X9.upper,X10.lower,X10.upper,X11.lower,X11.upper,X12.lower,X12.upper,X13.lower,X13.upper,X14.lower,X14.upper,X15.lower,X15.upper,X16.lower,X16.upper,X17.lower,X17.upper,X18.lower,X18.upper,X19.lower,X19.upper,X20.lower,X20.upper
H3K9me3_TDH_BP/samples/bcell/ERS206573/problems/chr4:68270000-75427379,9.540424162,10.84746811,9.076560649,11.09493814,9.076120397,11.10070949,9.289963293,10.83076369,9.60760367,10.95766858,9.445136535,11.14383446,9.549973373,10.92940995,9.527469728,10.90309893,9.453900304,10.88690228,9.595227348,10.91171723,9.595232867,10.91172093,9.443190774,10.86642867,9.443190774,10.86642867,9.489930971,10.90935689,9.582743743,10.95558245,9.55662608,10.94300548,9.531812021,10.95363615,9.531812021,10.95363615,0,0,1,1
H3K9me3_TDH_BP/samples/bcell/ERS206573/problems/chr4:75452279-190000000,9.508379695,10.93402822,10.04492608,10.85678155,10.0425992,10.85621046,9.492708271,10.90810699,9.67231561,10.97526132,9.521851696,10.88295304,9.541405087,10.9261236,9.560991034,10.83657658,9.425183119,10.85628281,9.666562576,10.90925839,9.666572739,10.90927766,9.463555563,10.88114822,9.463555563,10.88114822,9.489930971,10.90935689,9.582743743,10.95558245,9.55662608,10.94300548,9.531812021,10.95363615,9.531812021,10.95363615,0,0,1,1
H3K9me3_TDH_BP/samples/bcell/ERS206573/problems/chr5:100000-17500000,9.486686161,10.96147938,9.400621571,10.85961432,9.39858739,10.85943016,9.669014074,10.97538456,9.785318209,11.00396464,9.506028782,10.93675976,9.539892722,10.9255435,9.5626241,10.8325292,9.621955297,11.01502307,9.675444897,10.90895225,9.675455615,10.90897354,9.638105385,11.00735437,9.638105385,11.00735437,9.489930971,10.90935689,9.582743743,10.95558245,9.55662608,10.94300548,9.531812021,10.95363615,9.531812021,10.95363615,0,0,1,1
H3K9me3_TDH_BP/samples/bcell/ERS206573/problems/chr6:62178589-95680543,9.53253583,10.97096899,9.638006918,10.85689145,9.636934174,10.85634119,9.721374296,10.99536864,9.576341391,10.94883367,9.482914854,11.01536136,9.530895701,10.92209236,9.564537859,10.82767465,9.746893757,11.07977392,9.665488375,10.90929542,9.665498471,10.90931444,9.707499184,11.0575499,9.707499184,11.0575499,9.518844774,10.91642777,9.582743743,10.95558245,9.541855356,10.93373142,9.518906433,10.92845581,9.518906433,10.92845581,0,0,1,1
H3K9me3_TDH_BP/samples/bcell/ERS206573/problems/chr7:62500000-74715724,9.464887184,10.92934413,9.269963434,10.87369353,9.275060661,10.87312082,9.532728528,10.9233769,8.983574202,10.71427159,9.546514971,10.79908571,9.493398104,10.90770546,9.513002319,10.92392891,9.475449866,10.90759711,9.468229656,10.91609529,9.468226084,10.91607438,9.517370678,10.92005047,9.517370678,10.92005047,9.518844774,10.91642777,9.471241863,10.89190536,9.48966446,10.90095614,9.495836898,10.88343472,9.495836898,10.88343472,0,0,1,1
H3K9me3_TDH_BP/samples/bcell/ERS206573/problems/chr8:48135599-86500000,9.474379607,10.80498407,9.666358201,10.856856,9.664682651,10.85630035,9.164925462,10.78307661,9.660843484,10.97220781,9.536969505,10.83154479,9.541064277,10.92599287,9.499812866,10.93976814,9.349766154,10.75080526,9.515670014,10.91445976,9.515669962,10.91444758,9.301840783,10.76429028,9.301840783,10.76429028,9.489930971,10.90935689,9.582743743,10.95558245,9.55662608,10.94300548,9.531812021,10.95363615,9.531812021,10.95363615,0,0,1,1
H3K9me3_TDH_BP/samples/bcell/ERS257189/problems/chr4:68270000-75427379,9.498261307,10.86234602,9.038957607,11.25508182,9.03845714,11.26164772,9.329556684,10.84586584,9.625123401,10.96252167,9.453197064,11.11642257,9.548537004,10.92885905,9.532195934,10.89539287,9.461059732,10.8939739,9.607188483,10.91130493,9.607194805,10.91131115,9.469149574,10.88519172,9.469149574,10.88519172,9.489930971,10.90935689,9.582743743,10.95558245,9.55662608,10.94300548,9.531812021,10.95363615,9.531812021,10.95363615,0,0,1,1
H3K9me3_TDH_BP/samples/bcell/ERS257189/problems/chr4:75452279-190000000,9.527394399,10.93822403,10.0012745,10.85678189,9.99867764,10.85621091,9.527955489,10.92155567,9.726514503,10.98932935,9.477391933,11.03414294,9.543959495,10.92710337,9.560833582,10.83696225,9.448988781,10.88192991,9.671871757,10.9090754,9.671882253,10.90909588,9.489506727,10.89990708,9.489506727,10.89990708,9.489930971,10.90935689,9.582743743,10.95558245,9.55662608,10.94300548,9.531812021,10.95363615,9.531812021,10.95363615,0,0,1,1
H3K9me3_TDH_BP/samples/bcell/ERS257189/problems/chr5:100000-17500000,9.546391485,10.96855839,9.360856329,10.86166114,9.358553899,10.86172202,9.712356273,10.99192666,9.8427,11.01766598,9.481114938,11.02148225,9.540886693,10.92592476,9.571960242,10.80765202,9.81236174,11.10790091,9.69943946,10.90812525,9.699451651,10.90815211,9.737715236,11.07941024,9.737715236,11.07941024,9.518844774,10.91642777,9.617010831,10.97514712,9.55662608,10.94300548,9.531812021,10.95363615,9.531812021,10.95363615,0,0,1,1
H3K9me3_TDH_BP/samples/bcell/ERS257189/problems/chr6:62178589-95680543,9.466352607,10.96616763,9.591492793,10.85698951,9.590239262,10.85645563,9.708110749,10.99030625,9.613562361,10.95932693,9.492955338,10.98121733,9.536255657,10.92414841,9.570308097,10.81227877,9.796768372,11.10148915,9.681433098,10.90874586,9.681444187,10.90876852,9.730822699,11.07442351,9.730822699,11.07442351,9.518844774,10.91642777,9.582743743,10.95558245,9.541855356,10.93373142,9.518906433,10.92845581,9.518906433,10.92845581,0,0,1,1
H3K9me3_TDH_BP/samples/bcell/ERS257189/problems/chr7:62500000-74715724,9.516285918,10.94837018,9.203955594,10.89848958,9.207161627,10.89829252,9.64794875,10.96734512,9.14907119,10.79741007,9.544860111,10.80471299,9.506489139,10.91272877,9.511001898,10.92651078,9.597632101,11.00014688,9.494582083,10.91518676,9.494580484,10.91517064,9.622188698,10.99584284,9.622188698,10.99584284,9.518844774,10.91642777,9.496043895,10.90607149,9.501806893,10.90858233,9.518906433,10.92845581,9.518906433,10.92845581,0,0,1,1
H3K9me3_TDH_BP/samples/bcell/ERS257189/problems/chr8:48135599-86500000,9.536745502,10.81990286,9.629129771,10.85690569,9.627392297,10.85635913,9.20172191,10.7971091,9.679472594,10.97715254,9.497548898,10.9655964,9.540862487,10.92591547,9.510148472,10.92759183,9.356516029,10.76233415,9.549506131,10.91329332,9.549508499,10.9132877,9.340845899,10.79247008,9.340845899,10.79247008,9.489930971,10.90935689,9.582743743,10.95558245,9.55662608,10.94300548,9.531812021,10.95363615,9.531812021,10.95363615,0,0,1,1
H3K9me3_TDH_BP/samples/bcell/ERS257253/problems/chr4:68270000-75427379,9.477401465,10.86937987,9.040021919,11.24932607,9.040178821,11.25238172,9.35637768,10.85609675,9.528974483,10.93499647,9.442263227,11.15360592,9.530491009,10.92193712,9.50085348,10.93861549,9.4472067,10.88010044,9.514199735,10.91451045,9.514199576,10.91449799,9.45705348,10.87644844,9.45705348,10.87644844,9.489930971,10.90935689,9.551461458,10.93771999,9.541855356,10.93373142,9.531812021,10.95363615,9.531812021,10.95363615,0,0,1,1
H3K9me3_TDH_BP/samples/bcell/ERS257253/problems/chr4:75452279-190000000,9.548964606,10.93593326,9.997386042,10.85678193,9.995339023,10.85621096,9.588653147,10.94471682,9.640129782,10.96662442,9.489743326,10.99214018,9.525462486,10.9200081,9.515942059,10.92000979,9.468017223,10.90065544,9.559716287,10.91294135,9.559719371,10.91293777,9.515912174,10.91899604,9.515912174,10.91899604,9.518844774,10.91642777,9.582743743,10.95558245,9.541855356,10.93373142,9.531812021,10.95363615,9.531812021,10.95363615,0,0,1,1
H3K9me3_TDH_BP/samples/bcell/ERS257253/problems/chr5:100000-17500000,9.527011304,10.94232318,9.363645518,10.86147852,9.361569226,10.86150332,9.610500952,10.9530541,9.802177326,11.00804749,9.489743326,10.99214018,9.520511598,10.91810877,9.525585177,10.90604107,9.574816379,10.98531865,9.597232499,10.91164812,9.597238153,10.91165224,9.606331297,10.98437482,9.606331297,10.98437482,9.518844774,10.91642777,9.551461458,10.93771999,9.52784289,10.92493273,9.518906433,10.92845581,9.518906433,10.92845581,0,0,1,1
H3K9me3_TDH_BP/samples/bcell/ERS257253/problems/chr6:62178589-95680543,9.553830148,10.94573181,9.589773034,10.85699447,9.589230039,10.85645899,9.642644537,10.96532085,9.511559295,10.92976473,9.482914854,11.01536136,9.518426979,10.91730901,9.526018461,10.90537105,9.655408756,11.03410864,9.575745682,10.91238879,9.575749876,10.91238845,9.658538844,11.02213352,9.658538844,11.02213352,9.518844774,10.91642777,9.551461458,10.93771999,9.52784289,10.92493273,9.518906433,10.92845581,9.518906433,10.92845581,0,0,1,1
H3K9me3_TDH_BP/samples/bcell/ERS257253/problems/chr7:62500000-74715724,9.551362372,10.9419848,9.218189094,10.89111244,9.222148392,10.89062191,9.652017228,10.96889781,9.079833291,10.76505057,9.518462048,10.89447967,9.466893153,10.89753296,9.469565112,10.96724178,9.586693103,10.99314961,9.328513945,10.92091266,9.32849915,10.92086929,9.614704825,10.99043045,9.614704825,10.99043045,9.544470841,10.9226639,9.448041717,10.87865312,9.466888831,10.88665022,9.495836898,10.88343472,9.495836898,10.88343472,0,0,1,1
H3K9me3_TDH_BP/samples/bcell/ERS257253/problems/chr8:48135599-86500000,9.529654077,10.83384057,9.627366467,10.85690873,9.626230712,10.85636147,9.23788248,10.81089989,9.587941534,10.95213866,9.545691719,10.80188514,9.520056782,10.91793428,9.483470011,10.9559528,9.354483529,10.75891948,9.448799214,10.91676519,9.448794158,10.91674087,9.326398261,10.78203174,9.326398261,10.78203174,9.518844774,10.91642777,9.582743743,10.95558245,9.541855356,10.93373142,9.518906433,10.92845581,9.518906433,10.92845581,0,0,1,1
H3K9me3_TDH_BP/samples/burkitt/ERS333897/problems/chr4:68270000-75427379,9.47278832,10.84873265,9.160815398,10.93201977,9.161883112,10.93350304,9.284120973,10.82853533,9.385886929,10.88943106,9.499024577,10.9605782,9.524321107,10.91957024,9.493134454,10.94680298,9.432982386,10.86498526,9.470011691,10.91603385,9.470008254,10.91601326,9.381944854,10.82216672,9.381944854,10.82216672,9.489930971,10.90935689,9.522685484,10.921287,9.52784289,10.92493273,9.518906433,10.92845581,9.518906433,10.92845581,0,0,1,1
H3K9me3_TDH_BP/samples/burkitt/ERS333897/problems/chr4:75452279-190000000,9.524998487,10.93505966,10.12452399,10.85678126,10.12312622,10.85621008,9.506919208,10.91352913,9.516857565,10.93136489,9.530259754,10.85436128,9.517142668,10.91681628,9.507913308,10.93036655,9.401577486,10.82788096,9.524971907,10.91413909,9.524972528,10.91412869,9.423905144,10.85249009,9.423905144,10.85249009,9.489930971,10.90935689,9.496043895,10.90607149,9.514514636,10.916563,9.518906433,10.92845581,9.518906433,10.92845581,0,0,1,1
H3K9me3_TDH_BP/samples/burkitt/ERS333897/problems/chr5:100000-17500000,9.473646044,10.95643267,9.474258604,10.85781627,9.47298568,10.85739595,9.677270008,10.97853545,9.643499074,10.96753885,9.499024577,10.9605782,9.516501103,10.91657014,9.503568959,10.9355326,9.628617178,11.01894441,9.52387371,10.91417695,9.523874251,10.91416634,9.642302429,11.01038993,9.642302429,11.01038993,9.489930971,10.90935689,9.496043895,10.90607149,9.514514636,10.916563,9.518906433,10.92845581,9.518906433,10.92845581,0,0,1,1
H3K9me3_TDH_BP/samples/burkitt/ERS333897/problems/chr6:62178589-95680543,9.531376089,10.95997899,9.691657109,10.85683411,9.691319497,10.85627316,9.689482963,10.98319663,9.46298956,10.91473576,9.499024577,10.9605782,9.522757774,10.91897049,9.518853491,10.91597675,9.655408756,11.03410864,9.548757705,10.91331912,9.548760021,10.91331335,9.658538844,11.02213352,9.658538844,11.02213352,9.489930971,10.90935689,9.522685484,10.921287,9.52784289,10.92493273,9.518906433,10.92845581,9.518906433,10.92845581,0,0,1,1
H3K9me3_TDH_BP/samples/burkitt/ERS333897/problems/chr7:62500000-74715724,9.516098765,10.94785045,9.451228551,10.85819939,9.459521899,10.85763093,9.639832387,10.96424764,8.77589376,10.56935972,9.532233543,10.8476494,9.419811027,10.87945645,9.4635605,10.97151578,9.464482124,10.89728338,9.242500558,10.92387884,9.242478219,10.92382405,9.511602769,10.91588058,9.511602769,10.91588058,9.588396303,10.93328682,9.33357333,10.81325219,9.391062119,10.83900808,9.449471415,10.79291313,9.449471415,10.79291313,0,0,1,1
H3K9me3_TDH_BP/samples/burkitt/ERS333897/problems/chr8:48135599-86500000,9.516308108,10.80317614,9.751090698,10.85680463,9.750426395,10.85623851,9.147926366,10.77659421,9.49464104,10.92460439,9.516121777,10.90243787,9.517323838,10.91688579,9.475925283,10.96233254,9.341923903,10.73668965,9.410912719,10.91807145,9.410904697,10.91804075,9.24762205,10.7251255,9.24762205,10.7251255,9.489930971,10.90935689,9.496043895,10.90607149,9.514514636,10.916563,9.518906433,10.92845581,9.518906433,10.92845581,0,0,1,1
H3K9me3_TDH_BP/samples/burkitt/ERS333899/problems/chr4:68270000-75427379,9.467881194,10.92375807,8.982632818,11.7173157,8.982070445,11.72072222,9.506692636,10.91344268,9.647434505,10.96860384,9.455716779,11.10785368,9.560848306,10.93358061,9.600474989,10.70979008,9.563790546,10.97781713,9.735700774,10.90687551,9.735715119,10.90691106,9.59719348,10.97776667,9.59719348,10.97776667,9.489930971,10.90935689,9.654892824,10.9967731,9.5888051,10.9632069,9.545842631,10.98100713,9.545842631,10.98100713,0,0,1,1
H3K9me3_TDH_BP/samples/burkitt/ERS333899/problems/chr4:75452279-190000000,9.48592721,10.94996197,9.937343759,10.85678297,9.934920797,10.85621229,9.612440152,10.95379412,9.714110957,10.98616058,9.484676071,11.00937208,9.546414701,10.92804506,9.570566978,10.81156039,9.513227804,10.94012049,9.689766908,10.90845862,9.689778509,10.90848322,9.557133049,10.94879882,9.557133049,10.94879882,9.489930971,10.90935689,9.582743743,10.95558245,9.55662608,10.94300548,9.531812021,10.95363615,9.531812021,10.95363615,0,0,1,1
H3K9me3_TDH_BP/samples/burkitt/ERS333899/problems/chr5:100000-17500000,9.544913288,10.96114395,9.316245888,10.86576254,9.313918908,10.8662464,9.669092692,10.97541456,9.859138251,11.02149186,9.492955338,10.98121733,9.532382698,10.92266277,9.571127485,10.80999663,9.727360823,11.0707145,9.699097575,10.90813703,9.699109745,10.90816381,9.697777279,11.0505169,9.697777279,11.0505169,9.518844774,10.91642777,9.582743743,10.95558245,9.541855356,10.93373142,9.518906433,10.92845581,9.518906433,10.92845581,0,0,1,1
H3K9me3_TDH_BP/samples/burkitt/ERS333899/problems/chr6:62178589-95680543,9.522184708,10.9649935,9.558776141,10.85710706,9.557716292,10.85659016,9.685057467,10.98150759,9.592070752,10.95330744,9.469396301,11.06133353,9.521026269,10.91830622,9.565467535,10.8252721,9.663442418,11.03847833,9.670923189,10.9091081,9.670933625,10.90912835,9.663219356,11.025519,9.663219356,11.025519,9.544470841,10.9226639,9.582743743,10.95558245,9.52784289,10.92493273,9.506958853,10.90514119,9.506958853,10.90514119,0,0,1,1
H3K9me3_TDH_BP/samples/burkitt/ERS333899/problems/chr7:62500000-74715724,9.506943626,10.93744023,9.165089287,10.92774826,9.170220765,10.92531659,9.597109862,10.94794393,8.992631868,10.71938448,9.509960785,10.92338869,9.486837447,10.90518775,9.495787337,10.94408198,9.52082386,10.94616822,9.424103914,10.91761663,9.424096935,10.91758812,9.564496624,10.95412315,9.564496624,10.95412315,9.518844774,10.91642777,9.471241863,10.89190536,9.48966446,10.90095614,9.495836898,10.88343472,9.495836898,10.88343472,0,0,1,1
H3K9me3_TDH_BP/samples/burkitt/ERS333899/problems/chr8:48135599-86500000,9.537975209,10.85893196,9.581795017,10.85701906,9.580075056,10.85649156,9.296561273,10.8332803,9.688093969,10.97941691,9.530259754,10.85436128,9.543572955,10.92695511,9.55264736,10.85595671,9.397429076,10.82252994,9.653184947,10.90971949,9.653194264,10.90973574,9.4199219,10.84961133,9.4199219,10.84961133,9.518844774,10.91642777,9.617010831,10.97514712,9.55662608,10.94300548,9.531812021,10.95363615,9.531812021,10.95363615,0,0,1,1
H3K9me3_TDH_BP/samples/eosinophil/ERS257387/problems/chr4:68270000-75427379,9.509334954,10.83102173,9.071903515,11.11060046,9.072554928,11.11270034,9.260588151,10.81955971,9.455498649,10.91235785,9.481114938,11.02148225,9.513823594,10.91554287,9.463408666,10.97161955,9.4037347,10.83061792,9.347284136,10.92026541,9.347270923,10.92022478,9.356798742,10.80399654,9.356798742,10.80399654,9.489930971,10.90935689,9.496043895,10.90607149,9.514514636,10.916563,9.518906433,10.92845581,9.518906433,10.92845581,0,0,1,1
H3K9me3_TDH_BP/samples/eosinophil/ERS257387/problems/chr4:75452279-190000000,9.556110231,10.93624072,10.04354209,10.85678155,10.04173452,10.85621046,9.556266688,10.93235844,9.593356875,10.95367066,9.547330034,10.79631412,9.503126469,10.9114385,9.487208513,10.95255008,9.41420419,10.84348238,9.455987195,10.91651737,9.455982691,10.9164943,9.449227275,10.87079171,9.449227275,10.87079171,9.489930971,10.90935689,9.471241863,10.89190536,9.501806893,10.90858233,9.506958853,10.90514119,9.506958853,10.90514119,0,0,1,1
H3K9me3_TDH_BP/samples/eosinophil/ERS257387/problems/chr5:100000-17500000,9.494037665,10.94768232,9.421889108,10.8588994,9.420013565,10.85862515,9.632894558,10.96159996,9.753012637,10.99600201,9.499024577,10.9605782,9.495452143,10.90849368,9.484399654,10.95512216,9.536205591,10.95797464,9.460216882,10.91637154,9.460212701,10.91634922,9.577107914,10.96324222,9.577107914,10.96324222,9.518844774,10.91642777,9.471241863,10.89190536,9.48966446,10.90095614,9.506958853,10.90514119,9.506958853,10.90514119,0,0,1,1
H3K9me3_TDH_BP/samples/eosinophil/ERS257387/problems/chr6:62178589-95680543,9.533451576,10.95230153,9.626738384,10.85690983,9.626275359,10.85636138,9.662839662,10.97302811,9.492957069,10.92408646,9.514926087,10.90650388,9.498924526,10.90982615,9.490774197,10.94914561,9.55930228,10.97469633,9.461543048,10.91632582,9.461538968,10.91630373,9.594976201,10.97616324,9.594976201,10.97616324,9.518844774,10.91642777,9.471241863,10.89190536,9.48966446,10.90095614,9.506958853,10.90514119,9.506958853,10.90514119,0,0,1,1
H3K9me3_TDH_BP/samples/eosinophil/ERS257387/problems/chr7:62500000-74715724,9.488415179,10.94810078,9.335115381,10.86371994,9.342286848,10.86306746,9.632141594,10.96131261,8.843432792,10.62352238,9.557248116,10.76258829,9.399056743,10.87148547,9.454744392,10.97721199,9.445455804,10.87828955,9.150493984,10.92705209,9.150463038,10.92698711,9.492051922,10.90174697,9.492051922,10.90174697,9.588396303,10.93328682,9.259967378,10.77118459,9.3525356,10.81479377,9.441609566,10.77755908,9.441609566,10.77755908,0,0,1,1
H3K9me3_TDH_BP/samples/eosinophil/ERS257387/problems/chr8:48135599-86500000,9.521111383,10.79165608,9.655359252,10.85686815,9.654480042,10.85631363,9.137746195,10.77271221,9.544700673,10.93965295,9.580815057,10.68245154,9.507521031,10.9131247,9.451531732,10.97912949,9.327279622,10.70792629,9.273759543,10.92280083,9.273740001,10.92274998,9.220051005,10.70521243,9.220051005,10.70521243,9.489930971,10.90935689,9.471241863,10.89190536,9.501806893,10.90858233,9.518906433,10.92845581,9.518906433,10.92845581,0,0,1,1
H3K9me3_TDH_BP/samples/eosinophil/ERS358684/problems/chr4:68270000-75427379,9.494741507,10.82852397,9.105781027,11.01648264,9.105927538,11.02006159,9.249296976,10.81525328,9.516777345,10.93134072,9.479274584,11.02774067,9.52294844,10.91904364,9.476922016,10.96152543,9.425183119,10.85628281,9.419084328,10.9177897,9.419076955,10.91776035,9.369458358,10.81314398,9.369458358,10.81314398,9.489930971,10.90935689,9.522685484,10.921287,9.52784289,10.92493273,9.518906433,10.92845581,9.518906433,10.92845581,0,0,1,1
H3K9me3_TDH_BP/samples/eosinophil/ERS358684/problems/chr4:75452279-190000000,9.548097209,10.94333508,10.06825528,10.85678143,10.06612554,10.8562103,9.56065899,10.93403447,9.636127345,10.96553496,9.513712687,10.91063011,9.518608412,10.91737862,9.513467521,10.92331874,9.438208779,10.87064819,9.547661933,10.91335689,9.547664171,10.91335091,9.467453981,10.8839661,9.467453981,10.8839661,9.489930971,10.90935689,9.496043895,10.90607149,9.514514636,10.916563,9.518906433,10.92845581,9.518906433,10.92845581,0,0,1,1
H3K9me3_TDH_BP/samples/eosinophil/ERS358684/problems/chr5:100000-17500000,9.496566318,10.96126628,9.418332792,10.85900495,9.416474278,10.85874268,9.689303551,10.98312815,9.75105997,10.99551472,9.525106661,10.87188444,9.519469311,10.9177089,9.517356345,10.91806987,9.65280513,11.03267555,9.563206087,10.91282105,9.563209414,10.91281817,9.657004,11.02102336,9.657004,11.02102336,9.489930971,10.90935689,9.496043895,10.90607149,9.514514636,10.916563,9.518906433,10.92845581,9.518906433,10.92845581,0,0,1,1
H3K9me3_TDH_BP/samples/eosinophil/ERS358684/problems/chr6:62178589-95680543,9.4993422,10.96280984,9.656590602,10.8568667,9.65565648,10.85631201,9.699053008,10.98684918,9.552256575,10.94186786,9.506028782,10.93675976,9.511402713,10.91461405,9.515043171,10.9212242,9.642740914,11.02705562,9.544109094,10.91347937,9.544111081,10.91347268,9.650985918,11.0166705,9.650985918,11.0166705,9.518844774,10.91642777,9.522685484,10.921287,9.514514636,10.916563,9.506958853,10.90514119,9.506958853,10.90514119,0,0,1,1
H3K9me3_TDH_BP/samples/eosinophil/ERS358684/problems/chr7:62500000-74715724,9.503891458,10.93634059,9.310900704,10.86644359,9.317134313,10.86582233,9.57035595,10.9377347,8.901719996,10.66422825,9.556526381,10.76504249,9.437258163,10.88615601,9.466801224,10.96925088,9.439289215,10.87180268,9.252455443,10.92353553,9.252434001,10.92348197,9.485133195,10.89674554,9.485133195,10.89674554,9.544470841,10.9226639,9.33357333,10.81325219,9.408136563,10.84973782,9.466450385,10.82606782,9.466450385,10.82606782,0,0,1,1
H3K9me3_TDH_BP/samples/eosinophil/ERS358684/problems/chr8:48135599-86500000,9.510904055,10.79135129,9.679411765,10.85684376,9.67811604,10.85628543,9.13083749,10.77007775,9.599927836,10.95552041,9.517300269,10.89843035,9.521489513,10.91848394,9.466659186,10.96935218,9.333150193,10.71986642,9.37146575,10.91943159,9.371454542,10.91939462,9.241196626,10.72048459,9.241196626,10.72048459,9.489930971,10.90935689,9.522685484,10.921287,9.52784289,10.92493273,9.518906433,10.92845581,9.518906433,10.92845581,0,0,1,1
H3K9me3_TDH_BP/samples/germinal/ERS333900/problems/chr4:68270000-75427379,9.558792633,10.92684483,9.063528105,11.14140487,9.063826265,11.14459648,9.493544447,10.90842603,9.504545823,10.92763496,9.467269205,11.06856714,9.558445674,10.93265921,9.593379245,10.73765755,9.540016776,10.96081389,9.710431168,10.90774642,9.710444021,10.90777588,9.568288473,10.95686495,9.568288473,10.95686495,9.489930971,10.90935689,9.617010831,10.97514712,9.572241812,10.95280923,9.545842631,10.98100713,9.545842631,10.98100713,0,0,1,1
H3K9me3_TDH_BP/samples/germinal/ERS333900/problems/chr4:75452279-190000000,9.562312436,10.96371478,10.05745665,10.85678148,10.05506775,10.85621037,9.594886429,10.94709545,9.679071599,10.97704685,9.511230606,10.91907058,9.515839179,10.91631618,9.536620943,10.88773235,9.450194596,10.88316006,9.616662597,10.91097836,9.616669547,10.91098661,9.488875729,10.89945094,9.488875729,10.89945094,9.518844774,10.91642777,9.522685484,10.921287,9.514514636,10.916563,9.506958853,10.90514119,9.506958853,10.90514119,0,0,1,1
H3K9me3_TDH_BP/samples/germinal/ERS333900/problems/chr5:100000-17500000,15.2375702,11.00385815,9.466861765,10.85792644,9.464519192,10.85753872,9.795453448,11.02364494,9.821515824,11.01267149,9.492955338,10.98121733,9.492706012,10.90743987,9.547771093,10.86634011,9.658048963,11.03555334,9.650905604,10.90979805,9.650914777,10.90981379,9.660086213,11.02325275,9.660086213,11.02325275,9.567491705,10.92824166,9.522685484,10.921287,9.48966446,10.90095614,9.485433855,10.86312872,9.485433855,10.86312872,0,0,1,1
H3K9me3_TDH_BP/samples/germinal/ERS333900/problems/chr6:62178589-95680543,9.539879964,10.99532085,9.634828664,10.85689635,9.633503483,10.85634737,9.861546537,11.04887574,9.614459492,10.95957591,9.479274584,11.02774067,9.526277539,10.92032077,9.568462792,10.81732946,9.872346854,11.13110838,9.679214103,10.90882234,9.679225055,10.90884449,9.762687881,11.09747887,9.762687881,11.09747887,9.518844774,10.91642777,9.551461458,10.93771999,9.52784289,10.92493273,9.518906433,10.92845581,9.518906433,10.92845581,0,0,1,1
H3K9me3_TDH_BP/samples/germinal/ERS333900/problems/chr7:62500000-74715724,9.477332151,10.9301033,9.226345201,10.88748909,9.230619729,10.88692212,9.516543903,10.91720146,9.052478143,10.75137071,9.546514971,10.79908571,9.523141049,10.91911753,9.552234453,10.85686187,9.506057553,10.93427115,9.584159875,10.91209874,9.584164644,10.91210013,9.551792117,10.94493708,9.551792117,10.94493708,9.489930971,10.90935689,9.496043895,10.90607149,9.514514636,10.916563,9.518906433,10.92845581,9.518906433,10.92845581,0,0,1,1
H3K9me3_TDH_BP/samples/germinal/ERS333900/problems/chr8:48135599-86500000,9.466410192,10.87216596,9.68859725,10.85683637,9.686762755,10.85627715,9.304627716,10.83635705,9.680540941,10.97743395,9.489743326,10.99214018,9.518785057,10.91744639,9.528032476,10.9022062,9.391589296,10.81479299,9.597510719,10.91163853,9.597516392,10.9116427,9.388510432,10.82691117,9.388510432,10.82691117,9.518844774,10.91642777,9.522685484,10.921287,9.514514636,10.916563,9.506958853,10.90514119,9.506958853,10.90514119,0,0,1,1
H3K9me3_TDH_BP/samples/germinal/ERS333901/problems/chr4:68270000-75427379,9.467284243,10.89691658,9.061201137,11.15060859,9.061310264,11.15450624,9.414494928,10.87826715,9.531255852,10.93567593,9.469396301,11.06133353,9.554887233,10.93129453,9.55878417,10.8419103,9.502137226,10.93101284,9.656222308,10.9096148,9.656231819,10.90963173,9.522565615,10.9238062,9.522565615,10.9238062,9.489930971,10.90935689,9.617010831,10.97514712,9.572241812,10.95280923,9.545842631,10.98100713,9.545842631,10.98100713,0,0,1,1
H3K9me3_TDH_BP/samples/germinal/ERS333901/problems/chr4:75452279-190000000,9.517812438,10.94450676,10.05018091,10.85678152,10.04796429,10.85621042,9.519499927,10.91832936,9.653807053,10.97032135,9.497548898,10.9655964,9.529859269,10.92169478,9.556597991,10.84704416,9.438747485,10.8712245,9.656430454,10.90960762,9.656439978,10.9096246,9.474913578,10.88935818,9.474913578,10.88935818,9.518844774,10.91642777,9.551461458,10.93771999,9.52784289,10.92493273,9.518906433,10.92845581,9.518906433,10.92845581,0,0,1,1
H3K9me3_TDH_BP/samples/germinal/ERS333901/problems/chr5:100000-17500000,9.525956662,10.94725201,9.442761663,10.85837346,9.440612836,10.8580416,9.54250376,10.92710683,9.794109236,11.00609969,9.497548898,10.9655964,9.48725164,10.90534671,9.514076664,10.92251412,9.496481542,10.92623436,9.564612388,10.91277257,9.564615813,10.91276997,9.539062914,10.93573355,9.539062914,10.93573355,9.567491705,10.92824166,9.496043895,10.90607149,9.478039189,10.89365426,9.485433855,10.86312872,9.485433855,10.86312872,0,0,1,1
H3K9me3_TDH_BP/samples/germinal/ERS333901/problems/chr6:62178589-95680543,9.547278906,10.97190981,9.557319057,10.85711362,9.556302035,10.85659745,9.73102484,10.9990521,9.586082342,10.95161111,9.477391933,11.03414294,9.545546773,10.92771217,9.552382633,10.8565376,9.658048963,11.03555334,9.645043072,10.91000012,9.645051869,10.91001456,9.660086213,11.02325275,9.660086213,11.02325275,9.456734698,10.90119294,9.522685484,10.921287,9.541855356,10.93373142,9.531812021,10.95363615,9.531812021,10.95363615,0,0,1,1
H3K9me3_TDH_BP/samples/germinal/ERS333901/problems/chr7:62500000-74715724,9.470470154,10.94024357,9.23850458,10.88278492,9.243504124,10.88204315,9.549867065,10.92991648,8.994301252,10.72031853,9.545691719,10.80188514,9.486619627,10.90510416,9.514334929,10.92217103,9.502137226,10.93101284,9.479767254,10.91569751,9.479764552,10.91567868,9.548313264,10.94242174,9.548313264,10.94242174,9.518844774,10.91642777,9.426249062,10.86620393,9.466888831,10.88665022,9.485433855,10.86312872,9.485433855,10.86312872,0,0,1,1
H3K9me3_TDH_BP/samples/germinal/ERS333901/problems/chr8:48135599-86500000,9.54557189,10.8399414,9.670070952,10.8568523,9.66850268,10.85629583,9.238217434,10.81102764,9.643329957,10.96749301,9.497548898,10.9655964,9.528342359,10.92111287,9.518770587,10.91609373,9.368925214,10.78220669,9.570026819,10.91258592,9.570030618,10.91258442,9.352759867,10.80107826,9.352759867,10.80107826,9.518844774,10.91642777,9.551461458,10.93771999,9.52784289,10.92493273,9.518906433,10.92845581,9.518906433,10.92845581,0,0,1,1
H3K9me3_TDH_BP/samples/macrophage/ERS257336/problems/chr4:68270000-75427379,9.511127297,10.83842965,9.012587062,11.42805592,9.013043719,11.42655001,9.280449484,10.82713497,9.493255566,10.92417833,9.486400219,11.00350887,9.532663907,10.92277065,9.494376319,10.945541,9.441486925,10.87413433,9.487903655,10.91541701,9.487901561,10.91539965,9.417744598,10.84803778,9.417744598,10.84803778,9.489930971,10.90935689,9.551461458,10.93771999,9.541855356,10.93373142,9.531812021,10.95363615,9.531812021,10.95363615,0,0,1,1
H3K9me3_TDH_BP/samples/macrophage/ERS257336/problems/chr4:75452279-190000000,9.468652795,10.94769192,9.987537071,10.85678205,9.98519389,10.85621111,9.562952317,10.93490957,9.688865847,10.97961891,9.537884712,10.82843264,9.518098986,10.91718318,9.526471909,10.90466576,9.445455804,10.87828955,9.590769066,10.91187091,9.590774284,10.91187368,9.489506727,10.89990708,9.489506727,10.89990708,9.518844774,10.91642777,9.522685484,10.921287,9.514514636,10.916563,9.518906433,10.92845581,9.518906433,10.92845581,0,0,1,1
H3K9me3_TDH_BP/samples/macrophage/ERS257336/problems/chr5:100000-17500000,9.484670767,10.95878937,9.373156679,10.86090566,9.371060952,10.86086996,9.641513736,10.9648893,9.803066319,11.00826144,9.473491633,11.04740659,9.499013952,10.90986046,9.514863833,10.92146479,9.565317226,10.97886965,9.566105132,10.91272111,9.56610866,10.91271882,9.599436989,10.97938908,9.599436989,10.97938908,9.544470841,10.9226639,9.522685484,10.921287,9.501806893,10.90858233,9.495836898,10.88343472,9.495836898,10.88343472,0,0,1,1
H3K9me3_TDH_BP/samples/macrophage/ERS257336/problems/chr6:62178589-95680543,9.548947487,10.97544088,9.595126277,10.85697941,9.594095157,10.85644324,9.74683156,11.0050854,9.579755559,10.94980973,9.488088825,10.99776653,9.500131122,10.91028914,9.52504761,10.90686709,9.731132049,11.07248995,9.577427811,10.9123308,9.57743212,10.91233081,9.69968219,11.05189493,9.69968219,11.05189493,9.544470841,10.9226639,9.522685484,10.921287,9.501806893,10.90858233,9.495836898,10.88343472,9.495836898,10.88343472,0,0,1,1
H3K9me3_TDH_BP/samples/macrophage/ERS257336/problems/chr7:62500000-74715724,9.529718677,10.96037206,9.245238277,10.88049735,9.250831022,10.87962275,9.658484808,10.9713661,8.950811416,10.69511148,9.530259754,10.85436128,9.429730771,10.88326569,9.479297518,10.95955881,9.51010493,10.9375901,9.318052988,10.92127339,9.318037302,10.92122854,9.555335975,10.94749944,9.555335975,10.94749944,9.588396303,10.93328682,9.350294089,10.82280707,9.399465845,10.84428919,9.449471415,10.79291313,9.449471415,10.79291313,0,0,1,1
H3K9me3_TDH_BP/samples/macrophage/ERS257336/problems/chr8:48135599-86500000,9.559511077,10.81100085,9.605214055,10.85695387,9.603679738,10.85641507,9.190841356,10.79295967,9.65329474,10.97018359,9.575814814,10.69945417,9.519273915,10.91763394,9.4738178,10.96400478,9.342217642,10.73723333,9.409733728,10.9181121,9.409725613,10.91808121,9.295825865,10.75994505,9.295825865,10.75994505,9.518844774,10.91642777,9.551461458,10.93771999,9.52784289,10.92493273,9.518906433,10.92845581,9.518906433,10.92845581,0,0,1,1
H3K9me3_TDH_BP/samples/macrophage/ERS257378/problems/chr4:68270000-75427379,9.478692582,10.83906738,9.061052683,11.15120576,9.060766256,11.1566933,9.270725749,10.82342623,9.588185629,10.95220786,9.462841772,11.08362354,9.547993968,10.92865078,9.536451348,10.88803421,9.457093821,10.89008193,9.613455603,10.9110889,9.613462341,10.91109646,9.441220552,10.86500466,9.441220552,10.86500466,9.489930971,10.90935689,9.582743743,10.95558245,9.55662608,10.94300548,9.531812021,10.95363615,9.531812021,10.95363615,0,0,1,1
H3K9me3_TDH_BP/samples/macrophage/ERS257378/problems/chr4:75452279-190000000,9.482589478,10.96050008,10.02895172,10.85678165,10.02630342,10.8562106,9.58418043,10.94301003,9.727985768,10.98970328,9.514926087,10.90650388,9.53735675,10.92457077,9.585958948,10.76415776,9.481773644,10.91335182,9.716425739,10.90753981,9.71643895,10.9075707,9.529460961,10.92879137,9.529460961,10.92879137,9.518844774,10.91642777,9.582743743,10.95558245,9.541855356,10.93373142,9.518906433,10.92845581,9.518906433,10.92845581,0,0,1,1
H3K9me3_TDH_BP/samples/macrophage/ERS257378/problems/chr5:100000-17500000,9.488103101,10.97891871,9.398374927,10.85970271,9.396072675,10.85954074,9.716824355,10.99363202,9.832626485,11.0153001,9.475464994,11.04069583,9.525113529,10.91987423,9.570500863,10.81174408,9.680591221,11.04755259,9.697079963,10.90820657,9.697092011,10.90823288,9.672941919,11.03255163,9.672941919,11.03255163,9.518844774,10.91642777,9.551461458,10.93771999,9.52784289,10.92493273,9.506958853,10.90514119,9.506958853,10.90514119,0,0,1,1
H3K9me3_TDH_BP/samples/macrophage/ERS257378/problems/chr6:62178589-95680543,9.473788264,10.98906881,9.630258169,10.85690378,9.628736228,10.85635646,9.791829781,11.02226169,9.64550229,10.96808137,9.481114938,11.02148225,9.520417517,10.91807268,9.576786976,10.79354701,9.801859048,11.1036009,9.695671393,10.90825512,9.695683355,10.90828109,9.733092483,11.07606568,9.733092483,11.07606568,9.544470841,10.9226639,9.582743743,10.95558245,9.52784289,10.92493273,9.506958853,10.90514119,9.506958853,10.90514119,0,0,1,1
H3K9me3_TDH_BP/samples/macrophage/ERS257378/problems/chr7:62500000-74715724,9.508317175,10.95883399,9.252969031,10.87811812,9.258197711,10.8774178,9.6399423,10.96428959,8.97583397,10.70984094,9.507360528,10.93223105,9.482914721,10.90368229,9.520424729,10.91373544,9.52082386,10.94616822,9.481259492,10.91564607,9.481256901,10.91562751,9.562628754,10.95277255,9.562628754,10.95277255,9.544470841,10.9226639,9.448041717,10.87865312,9.466888831,10.88665022,9.485433855,10.86312872,9.485433855,10.86312872,0,0,1,1
H3K9me3_TDH_BP/samples/macrophage/ERS257378/problems/chr8:48135599-86500000,9.484622551,10.80815779,9.647116659,10.85687853,9.645208988,10.85632738,9.179088823,10.78847778,9.702315213,10.98311958,9.566094306,10.73250761,9.539551883,10.92541277,9.507378781,10.93101815,9.351817032,10.75436606,9.541704782,10.91356225,9.541706598,10.9135551,9.321121812,10.77821966,9.321121812,10.77821966,9.518844774,10.91642777,9.617010831,10.97514712,9.55662608,10.94300548,9.531812021,10.95363615,9.531812021,10.95363615,0,0,1,1
H3K9me3_TDH_BP/samples/macrophage/ERS358691/problems/chr4:68270000-75427379,9.546585012,10.84098296,9.078929904,11.08734491,9.079640857,11.08942014,9.279679958,10.82684146,9.446358217,10.90943373,9.475464994,11.04069583,9.518773396,10.91744191,9.476289833,10.96203857,9.429980095,10.86167187,9.409822435,10.91810904,9.409814327,10.91807816,9.386296565,10.82531136,9.386296565,10.82531136,9.489930971,10.90935689,9.496043895,10.90607149,9.514514636,10.916563,9.518906433,10.92845581,9.518906433,10.92845581,0,0,1,1
H3K9me3_TDH_BP/samples/macrophage/ERS358691/problems/chr4:75452279-190000000,9.517576793,10.94820634,10.05944487,10.85678147,10.057706,10.85621035,9.614173532,10.95445561,9.579660861,10.94978269,9.576385704,10.69751293,9.502684221,10.91126881,9.494629,10.9452817,9.457744479,10.89072472,9.481871954,10.91562495,9.481869409,10.9156065,9.505316858,10.91133629,9.505316858,10.91133629,9.518844774,10.91642777,9.496043895,10.90607149,9.501806893,10.90858233,9.506958853,10.90514119,9.506958853,10.90514119,0,0,1,1
H3K9me3_TDH_BP/samples/macrophage/ERS358691/problems/chr5:100000-17500000,9.511226359,10.95512372,9.464832699,10.85795866,9.46301471,10.85756583,9.662816017,10.97301909,9.732682283,10.99089418,9.513712687,10.91063011,9.47847726,10.90197922,9.48157104,10.95761842,9.584940417,10.99200963,9.446444226,10.91684638,9.446438988,10.91682166,9.613485731,10.98954881,9.613485731,10.98954881,9.544470841,10.9226639,9.448041717,10.87865312,9.466888831,10.88665022,9.485433855,10.86312872,9.485433855,10.86312872,0,0,1,1
H3K9me3_TDH_BP/samples/macrophage/ERS358691/problems/chr6:62178589-95680543,9.475714468,10.96602934,9.672768786,10.85684972,9.672412312,10.85629144,9.720891786,10.99518448,9.469283929,10.91672112,9.518462048,10.89447967,9.483565169,10.90393193,9.492774932,10.94716451,9.655408756,11.03410864,9.463638973,10.91625356,9.463635053,10.91623184,9.658538844,11.02213352,9.658538844,11.02213352,9.544470841,10.9226639,9.448041717,10.87865312,9.466888831,10.88665022,9.495836898,10.88343472,9.495836898,10.88343472,0,0,1,1
H3K9me3_TDH_BP/samples/macrophage/ERS358691/problems/chr7:62500000-74715724,9.514625243,10.9395938,9.34568806,10.86278592,9.35328307,10.86212623,9.594522207,10.94695646,8.819328374,10.60516105,9.597353217,10.6262164,9.391950717,10.86875593,9.451504285,10.97914553,9.419742949,10.85002384,9.133513124,10.92763779,9.133480528,10.92757116,9.456521568,10.87606397,9.456521568,10.87606397,9.607547048,10.93789225,9.273531332,10.7789375,9.3525356,10.81479377,9.426951998,10.74892926,9.426951998,10.74892926,0,0,1,1
H3K9me3_TDH_BP/samples/macrophage/ERS358691/problems/chr8:48135599-86500000,9.465213547,10.81596835,9.682480706,10.85684119,9.681670532,10.85628191,9.193547169,10.79399156,9.529157162,10.93505093,9.59421037,10.63690304,9.501559862,10.91083738,9.461514151,10.97289719,9.335309423,10.72411534,9.327772297,10.92093823,9.32775744,10.92089476,9.256110883,10.7312569,9.256110883,10.7312569,9.489930971,10.90935689,9.471241863,10.89190536,9.501806893,10.90858233,9.506958853,10.90514119,9.506958853,10.90514119,0,0,1,1
H3K9me3_TDH_BP/samples/macrophage/ERS358696/problems/chr4:68270000-75427379,9.523237817,10.82731782,9.132301833,10.96790093,9.132589694,10.97075246,9.245599688,10.81384316,9.491976206,10.92378442,9.508670972,10.92777479,9.514457564,10.91578611,9.475161723,10.96294375,9.418867692,10.8490017,9.406967434,10.91820748,9.406959099,10.91817614,9.36156839,10.80744289,9.36156839,10.80744289,9.489930971,10.90935689,9.496043895,10.90607149,9.514514636,10.916563,9.518906433,10.92845581,9.518906433,10.92845581,0,0,1,1
H3K9me3_TDH_BP/samples/macrophage/ERS358696/problems/chr4:75452279-190000000,9.493378037,10.93602537,10.09705031,10.85678133,10.0948116,10.85621017,9.494487716,10.90878592,9.646072011,10.96823551,9.526163534,10.86829052,9.510534941,10.9142811,9.511967112,10.92527346,9.404466649,10.83153966,9.544990182,10.91344899,9.544992231,10.91344248,9.419047978,10.84897974,9.419047978,10.84897974,9.518844774,10.91642777,9.496043895,10.90607149,9.501806893,10.90858233,9.506958853,10.90514119,9.506958853,10.90514119,0,0,1,1
H3K9me3_TDH_BP/samples/macrophage/ERS358696/problems/chr5:100000-17500000,9.483355072,10.96855165,9.441557211,10.85839991,9.439558977,10.8580677,9.718185889,10.99415169,9.768681192,10.99988716,9.514926087,10.90650388,9.515994609,10.91637582,9.517072126,10.91846261,9.689758839,11.05226892,9.569185778,10.91261492,9.56918952,10.91261325,9.67799677,11.03620806,9.67799677,11.03620806,9.518844774,10.91642777,9.522685484,10.921287,9.514514636,10.916563,9.518906433,10.92845581,9.518906433,10.92845581,0,0,1,1
H3K9me3_TDH_BP/samples/macrophage/ERS358696/problems/chr6:62178589-95680543,9.51951888,10.97610118,9.694692975,10.85683195,9.693606448,10.85627125,9.756400217,11.00873775,9.565846675,10.94581584,9.508670972,10.92777479,9.500441831,10.91040837,9.515204632,10.92100712,9.696110216,11.05548388,9.544491826,10.91346617,9.544493841,10.91345957,9.681443121,11.03870101,9.681443121,11.03870101,9.518844774,10.91642777,9.471241863,10.89190536,9.48966446,10.90095614,9.495836898,10.88343472,9.495836898,10.88343472,0,0,1,1
H3K9me3_TDH_BP/samples/macrophage/ERS358696/problems/chr7:62500000-74715724,9.517667093,10.93769438,9.319460693,10.86537626,9.325268684,10.86482781,9.566051244,10.93609207,8.928590841,10.68147715,9.59188932,10.64479534,9.451039893,10.89144726,9.477904531,10.96071945,9.450802933,10.88377834,9.321795452,10.92114433,9.321780085,10.92110001,9.491412415,10.90128467,9.491412415,10.90128467,9.544470841,10.9226639,9.367831138,10.83282783,9.426350826,10.86118266,9.466450385,10.82606782,9.466450385,10.82606782,0,0,1,1
H3K9me3_TDH_BP/samples/macrophage/ERS358696/problems/chr8:48135599-86500000,9.563680667,10.77950198,9.706768969,10.85682422,9.705367247,10.85626229,9.101202133,10.75877739,9.609547991,10.95821059,9.506028782,10.93675976,9.516863521,10.91670918,9.46345106,10.9715906,9.331316756,10.71619967,9.357119523,10.91992627,9.35710713,10.91988711,9.215076058,10.7016195,9.215076058,10.7016195,9.489930971,10.90935689,9.496043895,10.90607149,9.514514636,10.916563,9.518906433,10.92845581,9.518906433,10.92845581,0,0,1,1
H3K9me3_TDH_BP/samples/macrophage/ERS422247/problems/chr4:68270000-75427379,9.556945206,10.87123136,9.036544621,11.26844566,9.037175642,11.26868509,9.356768996,10.85624602,9.465113833,10.91540709,9.477391933,11.03414294,9.538873634,10.92515261,9.513879932,10.92277468,9.451414935,10.88439876,9.544492019,10.91346617,9.544494033,10.91345956,9.466331948,10.88315506,9.466331948,10.88315506,9.489930971,10.90935689,9.582743743,10.95558245,9.55662608,10.94300548,9.531812021,10.95363615,9.531812021,10.95363615,0,0,1,1
H3K9me3_TDH_BP/samples/macrophage/ERS422247/problems/chr4:75452279-190000000,9.508393943,10.94402484,10.00658145,10.85678184,10.00475032,10.85621083,9.588484832,10.94465259,9.605291175,10.95702283,9.496046149,10.97070666,9.521623093,10.91853519,9.521964485,10.91149382,9.458399213,10.89136984,9.574232961,10.91244093,9.57423705,10.91244029,9.505316858,10.91133629,9.505316858,10.91133629,9.518844774,10.91642777,9.551461458,10.93771999,9.52784289,10.92493273,9.518906433,10.92845581,9.518906433,10.92845581,0,0,1,1
H3K9me3_TDH_BP/samples/macrophage/ERS422247/problems/chr5:100000-17500000,9.484642124,10.95504316,9.383499824,10.8603617,9.381724405,10.86024836,9.651476953,10.96869162,9.745947259,10.99423554,9.481114938,11.02148225,9.503450601,10.91156288,9.512622997,10.9244237,9.611391713,11.00867321,9.557938026,10.91300265,9.557940986,10.91299871,9.631310363,11.00243989,9.631310363,11.00243989,9.544470841,10.9226639,9.522685484,10.921287,9.501806893,10.90858233,9.495836898,10.88343472,9.495836898,10.88343472,0,0,1,1
H3K9me3_TDH_BP/samples/macrophage/ERS422247/problems/chr6:62178589-95680543,9.530108045,10.96677416,9.62039717,10.85692149,9.62005536,10.85637458,9.706066804,10.98952613,9.477918331,10.91942594,9.488088825,10.99776653,9.497223611,10.90917346,9.518456509,10.91653576,9.655408756,11.03410864,9.552118221,10.91320327,9.552120773,10.91319817,9.658538844,11.02213352,9.658538844,11.02213352,9.544470841,10.9226639,9.496043895,10.90607149,9.48966446,10.90095614,9.495836898,10.88343472,9.495836898,10.88343472,0,0,1,1
H3K9me3_TDH_BP/samples/macrophage/ERS422247/problems/chr7:62500000-74715724,9.527932868,10.93936599,9.261274471,10.87582731,9.268574154,10.87465967,9.576799255,10.94019341,8.842434191,10.62278097,9.587538214,10.65959051,9.417856317,10.87870578,9.464127247,10.9711266,9.430970168,10.86276951,9.222481645,10.92456925,9.22245748,10.92451206,9.466331948,10.88315506,9.466331948,10.88315506,9.567491705,10.92824166,9.302299515,10.7953797,9.382909436,10.83388448,9.441609566,10.77755908,9.441609566,10.77755908,0,0,1,1
H3K9me3_TDH_BP/samples/macrophage/ERS422247/problems/chr8:48135599-86500000,9.531787765,10.83544019,9.623146655,10.85691631,9.622164085,10.85636998,9.263104863,10.82051959,9.566516355,10.94600921,9.593289823,10.64003319,9.523792184,10.91936732,9.480103832,10.95887725,9.357272068,10.76359224,9.423898811,10.91762371,9.423891817,10.91759515,9.33883575,10.79101773,9.33883575,10.79101773,9.489930971,10.90935689,9.522685484,10.921287,9.52784289,10.92493273,9.531812021,10.95363615,9.531812021,10.95363615,0,0,1,1
H3K9me3_TDH_BP/samples/mantle/ERS333895/problems/chr4:68270000-75427379,9.562836164,10.84614485,9.04495018,11.22373978,9.046141689,11.2218963,9.297746654,10.83373243,9.391892877,10.8914709,9.509960785,10.92338869,9.546759053,10.92817713,9.480733222,10.95834021,9.426596029,10.8578825,9.420281838,10.91774841,9.420274558,10.91771926,9.397244631,10.83322287,9.397244631,10.83322287,9.456734698,10.90119294,9.551461458,10.93771999,9.55662608,10.94300548,9.561213143,11.01098674,9.561213143,11.01098674,0,0,1,1
H3K9me3_TDH_BP/samples/mantle/ERS333895/problems/chr4:75452279-190000000,9.502963522,10.92015235,10.05266369,10.8567815,10.05067436,10.8562104,9.466879817,10.89825254,9.618423225,10.9606738,9.560764405,10.75063143,9.521477575,10.91847936,9.500818696,10.93865428,9.390966846,10.8139537,9.509960765,10.91465659,9.509960296,10.91464333,9.401171234,10.83606047,9.401171234,10.83606047,9.489930971,10.90935689,9.522685484,10.921287,9.52784289,10.92493273,9.518906433,10.92845581,9.518906433,10.92845581,0,0,1,1
H3K9me3_TDH_BP/samples/mantle/ERS333895/problems/chr5:100000-17500000,9.499596808,10.96379069,9.511137357,10.85740632,9.508952092,10.85694171,9.634296762,10.96213508,9.782634792,11.00331025,9.518462048,10.89447967,9.468888782,10.89829896,9.493774118,10.94615552,9.504081904,10.93263456,9.498032971,10.91506779,9.498031628,10.91505231,9.544052553,10.93934113,9.544052553,10.93934113,9.588396303,10.93328682,9.471241863,10.89190536,9.456176114,10.87992065,9.466450385,10.82606782,9.466450385,10.82606782,0,0,1,1
H3K9me3_TDH_BP/samples/mantle/ERS333895/problems/chr6:62178589-95680543,9.551705012,10.95813398,9.673155945,10.85684936,9.672221563,10.85629165,9.675691877,10.97793315,9.54870562,10.94082874,9.503298531,10.94604421,9.499125322,10.9099032,9.501665072,10.93770555,9.607343234,11.00619524,9.505191678,10.914821,9.505190861,10.91480685,9.628659096,11.00052239,9.628659096,11.00052239,9.518844774,10.91642777,9.471241863,10.89190536,9.48966446,10.90095614,9.506958853,10.90514119,9.506958853,10.90514119,0,0,1,1
H3K9me3_TDH_BP/samples/mantle/ERS333895/problems/chr7:62500000-74715724,9.560457677,10.9372227,9.328331333,10.86439443,9.333553956,10.86392055,9.584205241,10.9430195,8.968142493,10.70538056,9.571098607,10.71549104,9.443406,10.88851645,9.469174682,10.96753002,9.461059732,10.8939739,9.295235525,10.92206023,9.295217869,10.92201223,9.508783282,10.91384227,9.508783282,10.91384227,9.567491705,10.92824166,9.367831138,10.83282783,9.41709179,10.85536494,9.466450385,10.82606782,9.466450385,10.82606782,0,0,1,1
H3K9me3_TDH_BP/samples/mantle/ERS333895/problems/chr8:48135599-86500000,9.522077396,10.81059604,9.663925797,10.85685853,9.662908237,10.85630254,9.177031408,10.78769318,9.562635608,10.94488712,9.531252592,10.85098513,9.518538495,10.91735179,9.462012382,10.97256426,9.337022348,10.72743426,9.3449613,10.92034551,9.344947892,10.92030454,9.252452103,10.72861418,9.252452103,10.72861418,9.489930971,10.90935689,9.522685484,10.921287,9.52784289,10.92493273,9.531812021,10.95363615,9.531812021,10.95363615,0,0,1,1
H3K9me3_TDH_BP/samples/mantle/ERS333896/problems/chr4:68270000-75427379,9.512179162,10.84134945,9.088923726,11.05789061,9.08966875,11.06003959,9.276570391,10.82565543,9.440012332,10.90738879,9.465085398,11.07599362,9.548084586,10.92868553,9.502243065,10.93705159,9.441486925,10.87413433,9.505865865,10.91479776,9.505865097,10.91478373,9.408038831,10.84102349,9.408038831,10.84102349,9.456734698,10.90119294,9.551461458,10.93771999,9.55662608,10.94300548,9.545842631,10.98100713,9.545842631,10.98100713,0,0,1,1
H3K9me3_TDH_BP/samples/mantle/ERS333896/problems/chr4:75452279-190000000,9.507271942,10.93252647,10.05031493,10.85678152,10.04854213,10.85621041,9.521170852,10.91896692,9.586695157,10.95178509,9.526163534,10.86829052,9.541219549,10.92605243,9.528274756,10.90181982,9.423332839,10.85417198,9.583484489,10.91212202,9.583489213,10.91212328,9.465216513,10.88234879,9.465216513,10.88234879,9.456734698,10.90119294,9.551461458,10.93771999,9.55662608,10.94300548,9.531812021,10.95363615,9.531812021,10.95363615,0,0,1,1
H3K9me3_TDH_BP/samples/mantle/ERS333896/problems/chr5:100000-17500000,9.539732433,10.9375864,9.311562961,10.86635649,9.31014779,10.86676766,9.612358426,10.95376294,9.704588525,10.98370776,9.494515319,10.97591243,9.569533064,10.936911,9.533980286,10.89235715,9.595756774,10.99896143,9.606551467,10.91132689,9.606557746,10.91133298,9.620920696,10.9949258,9.620920696,10.9949258,9.417722473,10.89153532,9.582743743,10.95558245,9.5888051,10.9632069,9.561213143,11.01098674,9.561213143,11.01098674,0,0,1,1
H3K9me3_TDH_BP/samples/mantle/ERS333896/problems/chr6:62178589-95680543,9.541464466,10.95242164,9.62882674,10.85690621,9.628241054,10.85635744,9.670850019,10.97608525,9.509287911,10.92907644,9.501898508,10.95080512,9.540919005,10.92593715,9.534659152,10.89118343,9.689758839,11.05226892,9.592650016,10.91180608,9.592655362,10.91180924,9.67799677,11.03620806,9.67799677,11.03620806,9.456734698,10.90119294,9.551461458,10.93771999,9.55662608,10.94300548,9.531812021,10.95363615,9.531812021,10.95363615,0,0,1,1
H3K9me3_TDH_BP/samples/mantle/ERS333896/problems/chr7:62500000-74715724,9.515425003,10.96194152,9.412168456,10.85920052,9.418656978,10.85866954,9.675724367,10.97794555,8.876534729,10.64723086,9.567374322,10.72815505,9.408130626,10.87497063,9.466839712,10.9692234,9.476221248,10.90830638,9.257777957,10.92335197,9.257756993,10.92329908,9.522565615,10.9238062,9.522565615,10.9238062,9.607547048,10.93789225,9.317596249,10.80412177,9.374993236,10.82890928,9.434113957,10.76291895,9.434113957,10.76291895,0,0,1,1
H3K9me3_TDH_BP/samples/mantle/ERS333896/problems/chr8:48135599-86500000,9.491569361,10.80187329,9.68210211,10.8568415,9.681064656,10.8562825,9.153904968,10.77887406,9.561525281,10.9445654,9.598229472,10.62323687,9.536975537,10.92442454,9.481656202,10.95754461,9.344013213,10.74053068,9.431627308,10.91735724,9.431620919,10.91732999,9.265190959,10.73781555,9.265190959,10.73781555,9.489930971,10.90935689,9.582743743,10.95558245,9.55662608,10.94300548,9.531812021,10.95363615,9.531812021,10.95363615,0,0,1,1
H3K9me3_TDH_BP/samples/tcell/ERS164475/problems/chr4:68270000-75427379,9.521982746,10.91281168,9.019825093,11.3742126,9.019345698,11.3802698,9.469540311,10.8992676,9.626244634,10.96282992,9.445136535,11.14383446,9.560119722,10.93330121,9.569960312,10.81324003,9.534958237,10.95703818,9.685993354,10.90858868,9.686004725,10.9086124,9.560779102,10.95143513,9.560779102,10.95143513,9.489930971,10.90935689,9.654892824,10.9967731,9.5888051,10.9632069,9.545842631,10.98100713,9.545842631,10.98100713,0,0,1,1
H3K9me3_TDH_BP/samples/tcell/ERS164475/problems/chr4:75452279-190000000,9.523142347,10.9497253,9.996328942,10.85678195,9.993792249,10.85621098,9.574914548,10.93947422,9.717910349,10.98713435,9.512481046,10.91481838,9.537283503,10.92454267,9.555554837,10.84944249,9.463099962,10.8959522,9.661438872,10.90943499,9.661448712,10.9094531,9.503947833,10.91034659,9.503947833,10.91034659,9.489930971,10.90935689,9.551461458,10.93771999,9.541855356,10.93373142,9.531812021,10.95363615,9.531812021,10.95363615,0,0,1,1
H3K9me3_TDH_BP/samples/tcell/ERS164475/problems/chr5:100000-17500000,9.472426611,10.96884124,9.319046331,10.8654251,9.316695071,10.86587919,9.728115314,10.99794158,9.862764407,11.02233008,9.473491633,11.04740659,9.550978154,10.92979531,9.571023049,10.81028887,9.834756945,11.11682496,9.699854433,10.90811095,9.699866649,10.9081379,9.747313277,11.08635459,9.747313277,11.08635459,9.489930971,10.90935689,9.582743743,10.95558245,9.55662608,10.94300548,9.545842631,10.98100713,9.545842631,10.98100713,0,0,1,1
H3K9me3_TDH_BP/samples/tcell/ERS164475/problems/chr6:62178589-95680543,9.540020426,10.98063758,9.612845034,10.85693675,9.611641747,10.85639427,9.777784594,11.01690037,9.601201838,10.95587789,9.484676071,11.00937208,9.50545607,10.91233238,9.537632773,10.88591742,9.768270107,11.08931818,9.614333463,10.91105865,9.614340259,10.91106639,9.717746647,11.06496335,9.717746647,11.06496335,9.544470841,10.9226639,9.522685484,10.921287,9.501806893,10.90858233,9.495836898,10.88343472,9.495836898,10.88343472,0,0,1,1
H3K9me3_TDH_BP/samples/tcell/ERS164475/problems/chr7:62500000-74715724,9.494049394,10.94754783,9.201172264,10.90010772,9.205786282,10.89907688,9.622091053,10.95747708,9.028206868,10.73875695,9.551287999,10.78285527,9.486544926,10.90507549,9.49755059,10.94222041,9.545266049,10.96467127,9.437733072,10.91714672,9.43772716,10.91712051,9.584262757,10.96841598,9.584262757,10.96841598,9.518844774,10.91642777,9.448041717,10.87865312,9.478039189,10.89365426,9.495836898,10.88343472,9.495836898,10.88343472,0,0,1,1
H3K9me3_TDH_BP/samples/tcell/ERS164475/problems/chr8:48135599-86500000,9.464839911,10.84384453,9.607151759,10.85694935,9.605537712,10.85641001,9.257219872,10.81827505,9.665273466,10.97339017,9.486400219,11.00350887,9.548951196,10.92901791,9.532189166,10.89540425,9.378181591,10.79604427,9.607695066,10.91128747,9.607701421,10.9112938,9.385199243,10.82451841,9.385199243,10.82451841,9.489930971,10.90935689,9.617010831,10.97514712,9.572241812,10.95280923,9.531812021,10.95363615,9.531812021,10.95363615,0,0,1,1
H3K9me3_TDH_BP/samples/tcell/ERS206539/problems/chr4:68270000-75427379,9.471287982,10.84069743,9.086222685,11.06545852,9.086349343,11.06933046,9.28083105,10.8272805,9.52358974,10.93338737,9.482914854,11.01536136,9.509429135,10.91385682,9.479620359,10.95928678,9.427550265,10.85895698,9.425905136,10.91755453,9.425898299,10.91752631,9.394927095,10.8315481,9.394927095,10.8315481,9.518844774,10.91642777,9.496043895,10.90607149,9.501806893,10.90858233,9.506958853,10.90514119,9.506958853,10.90514119,0,0,1,1
H3K9me3_TDH_BP/samples/tcell/ERS206539/problems/chr4:75452279-190000000,9.53078084,10.96499027,10.04772758,10.85678153,10.04471759,10.85621044,9.6328756,10.96159273,9.783812653,11.00359764,9.516121777,10.90243787,9.507007819,10.91292779,9.512617882,10.92443036,9.463099962,10.8959522,9.556846052,10.91304029,9.556848935,10.91303613,9.510893958,10.91536815,9.510893958,10.91536815,9.518844774,10.91642777,9.496043895,10.90607149,9.501806893,10.90858233,9.506958853,10.90514119,9.506958853,10.90514119,0,0,1,1
H3K9me3_TDH_BP/samples/tcell/ERS206539/problems/chr5:100000-17500000,9.528319657,10.97859655,9.393689345,10.85989602,9.391151711,10.85976823,9.765147817,11.01207676,9.876225041,11.02542378,9.497548898,10.9655964,9.507823986,10.91324094,9.512077741,10.92513064,9.696110216,11.05548388,9.563373198,10.91281529,9.563376537,10.91281244,9.681443121,11.03870101,9.681443121,11.03870101,9.518844774,10.91642777,9.496043895,10.90607149,9.501806893,10.90858233,9.506958853,10.90514119,9.506958853,10.90514119,0,0,1,1
H3K9me3_TDH_BP/samples/tcell/ERS206539/problems/chr6:62178589-95680543,9.524208081,10.98194585,9.640956348,10.85688709,9.639163304,10.85633732,9.781157406,11.01818782,9.685448613,10.97872371,9.482914854,11.01536136,9.498853164,10.90979876,9.513705864,10.92300467,9.706021105,11.06041766,9.552912449,10.91317589,9.552915057,10.91317095,9.686733022,11.04252757,9.686733022,11.04252757,9.518844774,10.91642777,9.471241863,10.89190536,9.48966446,10.90095614,9.495836898,10.88343472,9.495836898,10.88343472,0,0,1,1
H3K9me3_TDH_BP/samples/tcell/ERS206539/problems/chr7:62500000-74715724,9.559258542,10.9494165,9.240112743,10.8822193,9.242856027,10.88226893,9.642340368,10.96520477,9.1883342,10.81448462,9.501898508,10.95080512,9.481321996,10.90307102,9.489179823,10.95068757,9.552113626,10.96961337,9.419078954,10.91778989,9.419071579,10.91776053,9.589543837,10.97223487,9.589543837,10.97223487,9.518844774,10.91642777,9.426249062,10.86620393,9.466888831,10.88665022,9.495836898,10.88343472,9.495836898,10.88343472,0,0,1,1
H3K9me3_TDH_BP/samples/tcell/ERS206539/problems/chr8:48135599-86500000,9.532565799,10.80847261,9.678244303,10.85684477,9.67604421,10.85628756,9.167195677,10.78394235,9.742441758,10.9933557,9.527206948,10.86474238,9.503182626,10.91146005,9.475285886,10.96284477,9.345398395,10.74304434,9.424734647,10.91759489,9.424727719,10.91756648,9.273914162,10.74411663,9.273914162,10.74411663,9.518844774,10.91642777,9.496043895,10.90607149,9.501806893,10.90858233,9.495836898,10.88343472,9.495836898,10.88343472,0,0,1,1
H3K9me3_TDH_BP/samples/tcell/ERS206601/problems/chr4:68270000-75427379,9.558987942,10.83657809,9.041765029,11.24007853,9.042262335,11.24145112,9.274483602,10.82485951,9.481908123,10.92066859,9.436195304,11.17424163,9.545259126,10.92760184,9.485915363,10.95374599,9.428031134,10.85949667,9.459211668,10.9164062,9.45920741,10.9163837,9.401171234,10.83606047,9.401171234,10.83606047,9.456734698,10.90119294,9.551461458,10.93771999,9.55662608,10.94300548,9.545842631,10.98100713,9.545842631,10.98100713,0,0,1,1
H3K9me3_TDH_BP/samples/tcell/ERS206601/problems/chr4:75452279-190000000,9.512794538,10.91943237,10.02341336,10.85678169,10.02138548,10.85621064,9.45556758,10.89393666,9.63108778,10.96415823,9.553574144,10.77508137,9.530626416,10.92198906,9.514147966,10.92241951,9.394779398,10.81904979,9.550848908,10.91324703,9.550851371,10.91324168,9.412197859,10.84402916,9.412197859,10.84402916,9.489930971,10.90935689,9.522685484,10.921287,9.52784289,10.92493273,9.531812021,10.95363615,9.531812021,10.95363615,0,0,1,1
H3K9me3_TDH_BP/samples/tcell/ERS206601/problems/chr5:100000-17500000,9.492570087,10.95588227,9.399297028,10.8596661,9.397293737,10.85948658,9.673130859,10.97695573,9.780374127,11.00275799,9.506028782,10.93675976,9.523932724,10.91942124,9.517646687,10.91766715,9.66072657,11.03700984,9.570634553,10.91256497,9.570638395,10.9125636,9.661646313,11.02438119,9.661646313,11.02438119,9.489930971,10.90935689,9.522685484,10.921287,9.52784289,10.92493273,9.518906433,10.92845581,9.518906433,10.92845581,0,0,1,1
H3K9me3_TDH_BP/samples/tcell/ERS206601/problems/chr6:62178589-95680543,9.474802598,10.96495446,9.639161426,10.85688972,9.638426296,10.85633858,9.719687822,10.99472495,9.52785513,10.9346626,9.506028782,10.93675976,9.506370163,10.91268312,9.5087331,10.92935829,9.67762668,11.04600779,9.527835879,10.91404036,9.527836706,10.91403051,9.671286476,11.03135418,9.671286476,11.03135418,9.518844774,10.91642777,9.496043895,10.90607149,9.501806893,10.90858233,9.506958853,10.90514119,9.506958853,10.90514119,0,0,1,1
H3K9me3_TDH_BP/samples/tcell/ERS206601/problems/chr7:62500000-74715724,9.49543082,10.93955423,9.298628737,10.86820906,9.304594663,10.86758492,9.574321143,10.93924778,8.920196035,10.67618126,9.588033237,10.65790727,9.442840854,10.88829947,9.475433999,10.9627265,9.450802933,10.88377834,9.297660356,10.92197661,9.297642911,10.92192893,9.497247117,10.90550256,9.497247117,10.90550256,9.544470841,10.9226639,9.350294089,10.82280707,9.41709179,10.85536494,9.466450385,10.82606782,9.466450385,10.82606782,0,0,1,1
H3K9me3_TDH_BP/samples/tcell/ERS206601/problems/chr8:48135599-86500000,9.489747912,10.80529747,9.650475484,10.85687416,9.649281942,10.85632113,9.169370206,10.78477159,9.591294281,10.95308797,9.529254738,10.85777884,9.53140571,10.922288,9.475868614,10.96237811,9.341486183,10.73587723,9.417060719,10.91785947,9.417053186,10.91782979,9.278846887,10.74767979,9.278846887,10.74767979,9.489930971,10.90935689,9.551461458,10.93771999,9.541855356,10.93373142,9.531812021,10.95363615,9.531812021,10.95363615,0,0,1,1
H3K9me3_TDH_BP/samples/tcell/ERS358697/problems/chr4:68270000-75427379,9.511158901,10.85095364,9.053595239,11.18281935,9.054389608,11.18355668,9.307395442,10.83741274,9.44043142,10.90752422,9.469396301,11.06133353,9.540380022,10.92573042,9.485559813,10.95407126,9.430473814,10.86221985,9.447434134,10.91681225,9.447428972,10.9167877,9.408863374,10.84161937,9.408863374,10.84161937,9.456734698,10.90119294,9.551461458,10.93771999,9.55662608,10.94300548,9.545842631,10.98100713,9.545842631,10.98100713,0,0,1,1
H3K9me3_TDH_BP/samples/tcell/ERS358697/problems/chr4:75452279-190000000,9.561193576,10.94187471,10.03604411,10.8567816,10.03426924,10.85621052,9.598483764,10.94846822,9.590226331,10.95278587,9.546514971,10.79908571,9.523752718,10.91935218,9.506714915,10.9318211,9.465882313,10.89862456,9.524556664,10.9141534,9.524557255,10.91414292,9.508783282,10.91384227,9.508783282,10.91384227,9.489930971,10.90935689,9.522685484,10.921287,9.52784289,10.92493273,9.531812021,10.95363615,9.531812021,10.95363615,0,0,1,1
H3K9me3_TDH_BP/samples/tcell/ERS358697/problems/chr5:100000-17500000,9.467656483,10.92622773,9.39356149,10.85990147,9.391991622,10.85972833,9.555381754,10.93202077,9.709671161,10.98501915,9.536043959,10.8346921,9.524744469,10.91973265,9.502495108,10.93676487,9.518607798,10.94441927,9.515377386,10.91446985,9.515377313,10.91445762,9.562628754,10.95277255,9.562628754,10.95277255,9.489930971,10.90935689,9.522685484,10.921287,9.52784289,10.92493273,9.531812021,10.95363615,9.531812021,10.95363615,0,0,1,1
H3K9me3_TDH_BP/samples/tcell/ERS358697/problems/chr6:62178589-95680543,9.48272965,10.9643565,9.655515162,10.85686797,9.654971942,10.85631295,9.717337511,10.99382788,9.497927071,10.9256128,9.507360528,10.93223105,9.495108421,10.90836178,9.498802291,10.94087258,9.66072657,11.03700984,9.491230334,10.91530232,9.491228487,10.91528557,9.661646313,11.02438119,9.661646313,11.02438119,9.518844774,10.91642777,9.471241863,10.89190536,9.48966446,10.90095614,9.495836898,10.88343472,9.495836898,10.88343472,0,0,1,1
H3K9me3_TDH_BP/samples/tcell/ERS358697/problems/chr7:62500000-74715724,9.55365539,10.95250129,9.317057059,10.86566346,9.324096884,10.86496446,9.655266498,10.97013786,8.85246126,10.63015358,9.533202888,10.84435314,9.426885839,10.88217326,9.470956913,10.96620218,9.512178312,10.93927303,9.257091446,10.92337565,9.257070421,10.92332267,9.557133049,10.94879882,9.557133049,10.94879882,9.567491705,10.92824166,9.317596249,10.80412177,9.391062119,10.83900808,9.449471415,10.79291313,9.449471415,10.79291313,0,0,1,1
H3K9me3_TDH_BP/samples/tcell/ERS358697/problems/chr8:48135599-86500000,9.47732156,10.81289254,9.649102748,10.85687592,9.648045972,10.85632299,9.180854741,10.78915121,9.571566829,10.94746402,9.517300269,10.89843035,9.531979638,10.92250816,9.476393749,10.96195451,9.351470269,10.75376764,9.416828603,10.91786748,9.41682105,10.91783775,9.280730225,10.74904024,9.280730225,10.74904024,9.456734698,10.90119294,9.522685484,10.921287,9.541855356,10.93373142,9.531812021,10.95363615,9.531812021,10.95363615,0,0,1,1
